{"type":"FeatureCollection","features":[{"type":"Feature","geometry":{"type":"Polygon","coordinates":[[[6.1093,49.8104],[6.111,49.8095],[6.1109,49.8082],[6.1116,49.8055],[6.1123,49.8045],[6.1143,49.8028],[6.1162,49.8019],[6.118,49.8019],[6.1175,49.8009],[6.1137,49.7996],[6.1127,49.799],[6.1127,49.7979],[6.1106,49.7955],[6.109,49.7946],[6.1066,49.7937],[6.1046,49.7923],[6.1075,49.7913],[6.1078,49.7895],[6.1092,49.7896],[6.1137,49.7907],[6.1175,49.7906],[6.1202,49.7912],[6.12,49.7896],[6.1211,49.7886],[6.1233,49.7879],[6.1253,49.7882],[6.1269,49.7891],[6.1285,49.7893],[6.1297,49.7901],[6.1327,49.7902],[6.1334,49.7906],[6.1378,49.7852],[6.1387,49.7857],[6.1401,49.7845],[6.1397,49.7826],[6.1406,49.782],[6.1411,49.7801],[6.1425,49.7812],[6.1442,49.7815],[6.1464,49.779],[6.1476,49.7781],[6.1467,49.7774],[6.1481,49.777],[6.149,49.7761],[6.1494,49.772],[6.1512,49.7725],[6.1523,49.7711],[6.1566,49.772],[6.1592,49.7734],[6.1599,49.7739],[6.1581,49.7751],[6.1588,49.7753],[6.1611,49.7811],[6.1619,49.781],[6.1642,49.7821],[6.1656,49.781],[6.1668,49.7819],[6.1671,49.7829],[6.1681,49.7834],[6.1699,49.7834],[6.1716,49.7826],[6.1719,49.784],[6.176,49.7857],[6.1785,49.7869],[6.1799,49.786],[6.184,49.7851],[6.1854,49.7871],[6.1832,49.7884],[6.1833,49.79],[6.1864,49.7935],[6.1868,49.7956],[6.1876,49.7969],[6.1887,49.7996],[6.1899,49.8001],[6.1922,49.8006],[6.1923,49.7998],[6.1973,49.7998],[6.1967,49.8018],[6.1943,49.8028],[6.1935,49.8035],[6.1912,49.8027],[6.1903,49.8043],[6.1887,49.8065],[6.1902,49.809],[6.191,49.809],[6.1909,49.8104],[6.1916,49.8121],[6.1909,49.8148],[6.19,49.8161],[6.1877,49.818],[6.1891,49.8223],[6.1855,49.823],[6.1819,49.8226],[6.1784,49.8219],[6.175,49.8209],[6.171,49.8213],[6.1669,49.8224],[6.1641,49.8221],[6.1626,49.8227],[6.1616,49.8218],[6.1586,49.8205],[6.1527,49.8184],[6.1508,49.8187],[6.1505,49.8201],[6.1512,49.821],[6.1504,49.8217],[6.1508,49.8229],[6.1491,49.8257],[6.1479,49.8264],[6.1464,49.826],[6.1457,49.8267],[6.1436,49.8256],[6.1399,49.8243],[6.1346,49.8212],[6.1329,49.8204],[6.1317,49.8195],[6.1283,49.8181],[6.1277,49.8175],[6.1262,49.8171],[6.124,49.8158],[6.1229,49.8155],[6.1197,49.8141],[6.1176,49.8134],[6.1155,49.8122],[6.1121,49.8109],[6.1093,49.8104]]]},"properties":{"name":"Nommern","slug":"nommern"}},{"type":"Feature","geometry":{"type":"Polygon","coordinates":[[[6.0408,49.8228],[6.0365,49.822],[6.0323,49.8197],[6.0316,49.8169],[6.0298,49.8139],[6.0286,49.8127],[6.0289,49.8116],[6.0279,49.8104],[6.0283,49.8096],[6.0306,49.8089],[6.0306,49.8077],[6.0369,49.8048],[6.0386,49.8038],[6.0351,49.8034],[6.0291,49.8013],[6.0287,49.8008],[6.0264,49.8005],[6.0255,49.8],[6.0195,49.7985],[6.0207,49.7968],[6.019,49.7963],[6.0152,49.7954],[6.0156,49.7936],[6.0145,49.791],[6.0126,49.7902],[6.0135,49.7889],[6.0136,49.787],[6.0141,49.7864],[6.0163,49.7857],[6.0177,49.7843],[6.0188,49.7836],[6.0211,49.7829],[6.0223,49.782],[6.0252,49.7809],[6.0263,49.7813],[6.0298,49.7817],[6.0316,49.7812],[6.033,49.7814],[6.0341,49.783],[6.0347,49.7827],[6.0348,49.7812],[6.0354,49.7799],[6.0368,49.7788],[6.0389,49.7748],[6.0396,49.7745],[6.0393,49.7724],[6.0386,49.7712],[6.0391,49.7698],[6.0379,49.7684],[6.0371,49.7664],[6.0409,49.7649],[6.0443,49.764],[6.0481,49.7661],[6.0498,49.7668],[6.0524,49.7682],[6.0525,49.7689],[6.055,49.7691],[6.0586,49.7706],[6.0606,49.7711],[6.0638,49.7714],[6.0669,49.771],[6.0679,49.7704],[6.0701,49.7701],[6.0722,49.7689],[6.0761,49.7676],[6.0787,49.7679],[6.0781,49.7687],[6.079,49.7723],[6.0804,49.7736],[6.0824,49.7747],[6.0888,49.7766],[6.0928,49.7775],[6.0964,49.7785],[6.0993,49.7808],[6.0972,49.7809],[6.096,49.7832],[6.0962,49.7844],[6.0978,49.785],[6.0977,49.7866],[6.101,49.7879],[6.1017,49.789],[6.098,49.7909],[6.0981,49.7913],[6.0929,49.7936],[6.0915,49.794],[6.0897,49.7938],[6.0859,49.7959],[6.0847,49.7968],[6.0847,49.7976],[6.0828,49.7977],[6.0816,49.7981],[6.0785,49.7979],[6.0766,49.7982],[6.0756,49.7975],[6.075,49.7983],[6.0732,49.799],[6.0709,49.8004],[6.0677,49.801],[6.0664,49.8014],[6.0624,49.8011],[6.0614,49.8042],[6.0615,49.8067],[6.0629,49.808],[6.0651,49.8084],[6.0654,49.8094],[6.061,49.8114],[6.0571,49.8141],[6.0538,49.8151],[6.052,49.815],[6.0491,49.8156],[6.0466,49.8169],[6.0449,49.8181],[6.0443,49.8191],[6.0445,49.8207],[6.0432,49.8231],[6.0408,49.8228]]]},"properties":{"name":"Bissen","slug":"bissen"}},{"type":"Feature","geometry":{"type":"Polygon","coordinates":[[[6.1592,49.7734],[6.1597,49.7731],[6.1617,49.7741],[6.1642,49.7748],[6.1649,49.7744],[6.1669,49.7746],[6.1673,49.7733],[6.1705,49.7692],[6.1716,49.7683],[6.1734,49.7675],[6.1721,49.7665],[6.1735,49.7661],[6.1748,49.7639],[6.1757,49.7615],[6.1789,49.762],[6.1796,49.7612],[6.1813,49.7609],[6.1828,49.7591],[6.1842,49.759],[6.1855,49.76],[6.1859,49.7614],[6.1927,49.7615],[6.1971,49.7612],[6.2014,49.7607],[6.204,49.7606],[6.2042,49.76],[6.2071,49.7594],[6.2068,49.7584],[6.2098,49.7571],[6.2149,49.7575],[6.216,49.7572],[6.2173,49.758],[6.2196,49.7581],[6.221,49.7587],[6.2219,49.7597],[6.2226,49.7607],[6.2247,49.7617],[6.2269,49.7645],[6.2288,49.7655],[6.2295,49.7668],[6.2284,49.7686],[6.2273,49.7695],[6.2272,49.7701],[6.2242,49.7708],[6.2227,49.7716],[6.2226,49.7731],[6.2235,49.7743],[6.2222,49.7758],[6.2209,49.7759],[6.2204,49.7771],[6.2226,49.7788],[6.2241,49.7811],[6.224,49.7825],[6.2235,49.7836],[6.2242,49.7863],[6.2257,49.7861],[6.2262,49.787],[6.2356,49.7918],[6.2338,49.7939],[6.2328,49.7943],[6.2322,49.7951],[6.2324,49.7961],[6.2316,49.7966],[6.228,49.7955],[6.2264,49.7955],[6.2229,49.7942],[6.2217,49.7934],[6.2212,49.7912],[6.2192,49.7915],[6.2181,49.7895],[6.2175,49.7902],[6.216,49.7905],[6.2114,49.7922],[6.2095,49.7936],[6.2081,49.7941],[6.2082,49.7961],[6.2054,49.798],[6.2025,49.7985],[6.2015,49.7991],[6.1979,49.7997],[6.198,49.8017],[6.1967,49.8018],[6.1973,49.7998],[6.1923,49.7998],[6.1922,49.8006],[6.1899,49.8001],[6.1887,49.7996],[6.1876,49.7969],[6.1868,49.7956],[6.1864,49.7935],[6.1833,49.79],[6.1832,49.7884],[6.1854,49.7871],[6.184,49.7851],[6.1799,49.786],[6.1785,49.7869],[6.176,49.7857],[6.1719,49.784],[6.1716,49.7826],[6.1699,49.7834],[6.1681,49.7834],[6.1671,49.7829],[6.1668,49.7819],[6.1656,49.781],[6.1642,49.7821],[6.1619,49.781],[6.1611,49.7811],[6.1588,49.7753],[6.1581,49.7751],[6.1599,49.7739],[6.1592,49.7734]]]},"properties":{"name":"Larochette","slug":"larochette"}},{"type":"Feature","geometry":{"type":"Polygon","coordinates":[[[6.1093,49.8104],[6.1082,49.8117],[6.1081,49.8128],[6.1056,49.8144],[6.1038,49.815],[6.101,49.8146],[6.0963,49.8151],[6.095,49.816],[6.0945,49.8169],[6.0965,49.8181],[6.0951,49.8206],[6.0942,49.8215],[6.0927,49.8223],[6.0909,49.8229],[6.0847,49.8225],[6.0821,49.8231],[6.0771,49.8247],[6.0728,49.8254],[6.0738,49.8264],[6.0735,49.8278],[6.0747,49.829],[6.0725,49.83],[6.0659,49.8302],[6.0644,49.8304],[6.0639,49.832],[6.0654,49.8342],[6.0646,49.8344],[6.062,49.8306],[6.0588,49.83],[6.0564,49.8287],[6.0529,49.8276],[6.0502,49.8266],[6.0515,49.8253],[6.049,49.8244],[6.0451,49.8267],[6.0416,49.8265],[6.0404,49.8261],[6.0412,49.8242],[6.0408,49.8228],[6.0432,49.8231],[6.0445,49.8207],[6.0443,49.8191],[6.0449,49.8181],[6.0466,49.8169],[6.0491,49.8156],[6.052,49.815],[6.0538,49.8151],[6.0571,49.8141],[6.061,49.8114],[6.0654,49.8094],[6.0651,49.8084],[6.0629,49.808],[6.0615,49.8067],[6.0614,49.8042],[6.0624,49.8011],[6.0664,49.8014],[6.0677,49.801],[6.0709,49.8004],[6.0732,49.799],[6.075,49.7983],[6.0756,49.7975],[6.0766,49.7982],[6.0785,49.7979],[6.0816,49.7981],[6.0828,49.7977],[6.0847,49.7976],[6.0847,49.7968],[6.0859,49.7959],[6.0897,49.7938],[6.0915,49.794],[6.0929,49.7936],[6.0981,49.7913],[6.098,49.7909],[6.1017,49.789],[6.1075,49.7913],[6.1046,49.7923],[6.1066,49.7937],[6.109,49.7946],[6.1106,49.7955],[6.1127,49.7979],[6.1127,49.799],[6.1137,49.7996],[6.1175,49.8009],[6.118,49.8019],[6.1162,49.8019],[6.1143,49.8028],[6.1123,49.8045],[6.1116,49.8055],[6.1109,49.8082],[6.111,49.8095],[6.1093,49.8104]]]},"properties":{"name":"Colmar-Berg","slug":"colmar-berg"}},{"type":"Feature","geometry":{"type":"Polygon","coordinates":[[[6.0136,49.787],[6.0099,49.7868],[6.0064,49.7874],[6.0054,49.7871],[6.0031,49.7866],[6.0014,49.7859],[6.0018,49.7854],[5.9985,49.7836],[5.999,49.7827],[5.9977,49.7819],[5.9991,49.7811],[5.9983,49.7807],[6.0003,49.7784],[6.0008,49.7767],[5.9987,49.775],[6.0028,49.7731],[5.9998,49.7723],[5.9991,49.7717],[5.9981,49.7719],[5.997,49.7703],[5.9972,49.7691],[5.9968,49.7682],[5.9974,49.7662],[5.9981,49.7644],[5.9986,49.7644],[5.9998,49.7619],[5.9955,49.7605],[5.9961,49.7598],[5.9937,49.7582],[5.9928,49.7568],[5.9898,49.755],[5.9897,49.754],[5.9884,49.7522],[5.9894,49.7503],[5.9892,49.7498],[5.987,49.7492],[5.9859,49.7486],[5.9885,49.7468],[5.9901,49.7447],[5.987,49.743],[5.9883,49.7423],[5.9889,49.7412],[5.9905,49.7419],[5.9937,49.7423],[5.9952,49.7409],[5.9977,49.7418],[5.9994,49.7408],[6.0009,49.7394],[6.002,49.7379],[6.0034,49.7377],[6.0056,49.7369],[6.0068,49.7368],[6.0066,49.7356],[6.0049,49.7352],[6.001,49.734],[6.0032,49.732],[6.0033,49.7314],[6.0049,49.7312],[6.0038,49.7285],[6.0038,49.728],[6.005,49.727],[6.0077,49.7279],[6.008,49.7275],[6.0107,49.7288],[6.0131,49.7291],[6.0172,49.7301],[6.0192,49.73],[6.0206,49.7292],[6.0229,49.7296],[6.0244,49.7301],[6.028,49.7307],[6.0323,49.7311],[6.0352,49.732],[6.0391,49.7317],[6.0408,49.7326],[6.0429,49.7331],[6.0418,49.735],[6.0412,49.7355],[6.0403,49.7379],[6.0404,49.7386],[6.0373,49.7433],[6.0385,49.7455],[6.0379,49.7458],[6.0389,49.7467],[6.0413,49.7469],[6.0421,49.7472],[6.0401,49.7484],[6.0416,49.7496],[6.0434,49.7504],[6.0445,49.7522],[6.0442,49.7548],[6.0437,49.7557],[6.0432,49.7581],[6.0414,49.7586],[6.0405,49.7598],[6.0416,49.7619],[6.0424,49.7638],[6.0436,49.7626],[6.0448,49.7631],[6.0443,49.764],[6.0409,49.7649],[6.0371,49.7664],[6.0379,49.7684],[6.0391,49.7698],[6.0386,49.7712],[6.0393,49.7724],[6.0396,49.7745],[6.0389,49.7748],[6.0368,49.7788],[6.0354,49.7799],[6.0348,49.7812],[6.0347,49.7827],[6.0341,49.783],[6.033,49.7814],[6.0316,49.7812],[6.0298,49.7817],[6.0263,49.7813],[6.0252,49.7809],[6.0223,49.782],[6.0211,49.7829],[6.0188,49.7836],[6.0177,49.7843],[6.0163,49.7857],[6.0141,49.7864],[6.0136,49.787]]]},"properties":{"name":"Boevange-sur-Attert","slug":"boevange-sur-attert"}},{"type":"Feature","geometry":{"type":"Polygon","coordinates":[[[6.0901,49.6853],[6.0934,49.6847],[6.0985,49.6862],[6.102,49.6878],[6.1051,49.6891],[6.1063,49.6898],[6.1102,49.6905],[6.1136,49.6908],[6.1156,49.6909],[6.1168,49.6912],[6.118,49.6921],[6.119,49.6921],[6.1195,49.6905],[6.1208,49.69],[6.1214,49.6911],[6.1236,49.6908],[6.1259,49.6916],[6.1276,49.6915],[6.1274,49.6908],[6.1296,49.6908],[6.1308,49.69],[6.1357,49.6895],[6.1338,49.6875],[6.1326,49.6869],[6.135,49.6864],[6.1343,49.6855],[6.1345,49.6848],[6.1341,49.683],[6.1348,49.6828],[6.1382,49.6825],[6.1384,49.6832],[6.1418,49.6826],[6.1427,49.6831],[6.1443,49.6818],[6.148,49.6813],[6.1534,49.682],[6.1559,49.682],[6.1561,49.6824],[6.1604,49.6822],[6.164,49.6848],[6.169,49.686],[6.167,49.6869],[6.1681,49.6875],[6.1704,49.6881],[6.1742,49.6895],[6.1757,49.6896],[6.1772,49.6892],[6.1791,49.6906],[6.1799,49.69],[6.1809,49.6906],[6.181,49.6918],[6.1829,49.6932],[6.1801,49.6951],[6.1791,49.6962],[6.1814,49.6973],[6.1826,49.6974],[6.1846,49.6987],[6.1853,49.6996],[6.1837,49.7015],[6.1849,49.7023],[6.1856,49.7048],[6.1872,49.7062],[6.1861,49.7072],[6.186,49.7085],[6.1868,49.7093],[6.1871,49.7111],[6.1865,49.7135],[6.1849,49.7146],[6.1843,49.7163],[6.1819,49.7155],[6.18,49.7171],[6.1791,49.7168],[6.1775,49.7179],[6.179,49.7184],[6.1766,49.7208],[6.176,49.7224],[6.1755,49.723],[6.171,49.7212],[6.1705,49.7225],[6.1684,49.7215],[6.1683,49.7204],[6.1667,49.7195],[6.1669,49.719],[6.1642,49.7182],[6.1636,49.7159],[6.1592,49.7143],[6.154,49.714],[6.1528,49.7135],[6.1497,49.7134],[6.147,49.7123],[6.1451,49.712],[6.1432,49.7137],[6.1413,49.7128],[6.1366,49.7118],[6.1352,49.7113],[6.1336,49.7111],[6.131,49.7094],[6.1222,49.705],[6.1211,49.7046],[6.1173,49.7041],[6.1158,49.704],[6.1133,49.7045],[6.1124,49.7044],[6.1101,49.705],[6.1069,49.7051],[6.105,49.7056],[6.1015,49.7035],[6.0962,49.7007],[6.0936,49.6999],[6.0937,49.6987],[6.0932,49.6973],[6.093,49.6953],[6.0925,49.6932],[6.0909,49.6931],[6.0908,49.6923],[6.092,49.6905],[6.092,49.6886],[6.0908,49.688],[6.0902,49.6865],[6.0901,49.6853]]]},"properties":{"name":"Lorentzweiler","slug":"lorentzweiler"}},{"type":"Feature","geometry":{"type":"Polygon","coordinates":[[[6.2219,49.7597],[6.2241,49.759],[6.227,49.7589],[6.2277,49.7578],[6.2279,49.756],[6.2258,49.7557],[6.2238,49.7559],[6.2227,49.7555],[6.2231,49.7541],[6.225,49.754],[6.2261,49.7527],[6.2283,49.7528],[6.2276,49.7497],[6.2291,49.7484],[6.2309,49.7476],[6.2354,49.7473],[6.2372,49.747],[6.2414,49.7461],[6.2476,49.7458],[6.2512,49.7451],[6.2581,49.7452],[6.2616,49.7454],[6.2649,49.7443],[6.2648,49.7454],[6.2657,49.7467],[6.2661,49.7481],[6.2695,49.7505],[6.2715,49.7525],[6.272,49.7534],[6.2715,49.7548],[6.2725,49.7556],[6.2725,49.7575],[6.2756,49.7582],[6.2783,49.7621],[6.279,49.7625],[6.2788,49.7629],[6.2757,49.7632],[6.275,49.7642],[6.2795,49.767],[6.2787,49.7682],[6.2773,49.7679],[6.2767,49.7692],[6.2758,49.7692],[6.2753,49.7702],[6.2718,49.7698],[6.2687,49.769],[6.2673,49.7697],[6.2649,49.7688],[6.2631,49.7687],[6.2632,49.7701],[6.2647,49.7705],[6.2633,49.7735],[6.2613,49.7764],[6.2637,49.777],[6.2628,49.7788],[6.2594,49.7782],[6.2568,49.7771],[6.2551,49.7786],[6.2539,49.7788],[6.2527,49.7775],[6.2512,49.7769],[6.2477,49.7804],[6.2459,49.7809],[6.244,49.7801],[6.2428,49.7812],[6.2426,49.782],[6.2401,49.7814],[6.2374,49.7811],[6.2367,49.7829],[6.2424,49.7838],[6.2452,49.7841],[6.2486,49.7854],[6.2451,49.789],[6.242,49.7863],[6.241,49.7871],[6.2377,49.7862],[6.2356,49.7918],[6.2262,49.787],[6.2257,49.7861],[6.2242,49.7863],[6.2235,49.7836],[6.224,49.7825],[6.2241,49.7811],[6.2226,49.7788],[6.2204,49.7771],[6.2209,49.7759],[6.2222,49.7758],[6.2235,49.7743],[6.2226,49.7731],[6.2227,49.7716],[6.2242,49.7708],[6.2272,49.7701],[6.2273,49.7695],[6.2284,49.7686],[6.2295,49.7668],[6.2288,49.7655],[6.2269,49.7645],[6.2247,49.7617],[6.2226,49.7607],[6.2219,49.7597]]]},"properties":{"name":"Heffingen","slug":"heffingen"}},{"type":"Feature","geometry":{"type":"Polygon","coordinates":[[[6.176,49.7224],[6.1784,49.7252],[6.1809,49.7259],[6.1812,49.7265],[6.1846,49.7275],[6.1849,49.7287],[6.184,49.7315],[6.1814,49.7336],[6.1767,49.7361],[6.1728,49.7393],[6.1723,49.7405],[6.172,49.7439],[6.1674,49.7439],[6.1647,49.7431],[6.1643,49.7435],[6.1608,49.7433],[6.1571,49.7446],[6.1567,49.7438],[6.151,49.7396],[6.1472,49.7383],[6.1426,49.7376],[6.1392,49.7365],[6.1352,49.7344],[6.1329,49.7319],[6.131,49.7293],[6.1303,49.7289],[6.1233,49.7277],[6.1229,49.7266],[6.1184,49.7261],[6.1175,49.7281],[6.1183,49.729],[6.1183,49.7306],[6.1174,49.7322],[6.1155,49.7333],[6.1141,49.7358],[6.1125,49.7358],[6.1122,49.737],[6.1125,49.7383],[6.1109,49.7382],[6.1088,49.74],[6.1073,49.7407],[6.1056,49.7408],[6.1023,49.7378],[6.1022,49.7361],[6.1027,49.7352],[6.104,49.7344],[6.1041,49.7338],[6.1054,49.7331],[6.1066,49.7315],[6.1036,49.731],[6.1023,49.7296],[6.1012,49.7259],[6.1015,49.7249],[6.1005,49.7221],[6.0995,49.7215],[6.1021,49.7201],[6.1056,49.7176],[6.106,49.7163],[6.1053,49.7143],[6.1042,49.7124],[6.1049,49.7103],[6.106,49.7094],[6.1062,49.7084],[6.105,49.7056],[6.1069,49.7051],[6.1101,49.705],[6.1124,49.7044],[6.1133,49.7045],[6.1158,49.704],[6.1173,49.7041],[6.1211,49.7046],[6.1222,49.705],[6.131,49.7094],[6.1336,49.7111],[6.1352,49.7113],[6.1366,49.7118],[6.1413,49.7128],[6.1432,49.7137],[6.1451,49.712],[6.147,49.7123],[6.1497,49.7134],[6.1528,49.7135],[6.154,49.714],[6.1592,49.7143],[6.1636,49.7159],[6.1642,49.7182],[6.1669,49.719],[6.1667,49.7195],[6.1683,49.7204],[6.1684,49.7215],[6.1705,49.7225],[6.171,49.7212],[6.1755,49.723],[6.176,49.7224]]]},"properties":{"name":"Lintgen","slug":"lintgen"}},{"type":"Feature","geometry":{"type":"Polygon","coordinates":[[[6.1523,49.7711],[6.1546,49.769],[6.1522,49.7679],[6.1505,49.7678],[6.1507,49.7666],[6.15,49.7663],[6.1511,49.7653],[6.147,49.7627],[6.1479,49.7618],[6.1467,49.7613],[6.1471,49.7588],[6.1456,49.758],[6.1474,49.7577],[6.1504,49.7587],[6.1518,49.7587],[6.1523,49.7582],[6.1469,49.7564],[6.1417,49.7538],[6.1462,49.7503],[6.1474,49.7488],[6.1485,49.7488],[6.1505,49.7497],[6.1496,49.751],[6.1565,49.7529],[6.1585,49.7529],[6.1584,49.7507],[6.156,49.7496],[6.1579,49.7492],[6.156,49.7469],[6.1571,49.7446],[6.1608,49.7433],[6.1643,49.7435],[6.1647,49.7431],[6.1674,49.7439],[6.172,49.7439],[6.1723,49.7405],[6.1728,49.7393],[6.1767,49.7361],[6.1814,49.7336],[6.184,49.7315],[6.1849,49.7287],[6.1846,49.7275],[6.1812,49.7265],[6.1809,49.7259],[6.1784,49.7252],[6.176,49.7224],[6.1766,49.7208],[6.179,49.7184],[6.1775,49.7179],[6.1791,49.7168],[6.18,49.7171],[6.1819,49.7155],[6.1843,49.7163],[6.1849,49.7146],[6.1897,49.717],[6.1959,49.7197],[6.1987,49.7199],[6.2018,49.7209],[6.2031,49.721],[6.2019,49.7226],[6.2019,49.7233],[6.2044,49.7238],[6.2042,49.7243],[6.2062,49.7254],[6.2057,49.7265],[6.2084,49.7279],[6.2121,49.7284],[6.2136,49.7288],[6.2139,49.7299],[6.2162,49.7313],[6.2174,49.7323],[6.2188,49.7328],[6.2201,49.7338],[6.2214,49.7353],[6.2226,49.7375],[6.2228,49.7389],[6.2253,49.7423],[6.2262,49.7473],[6.2274,49.7487],[6.2276,49.7497],[6.2283,49.7528],[6.2261,49.7527],[6.225,49.754],[6.2231,49.7541],[6.2227,49.7555],[6.2238,49.7559],[6.2258,49.7557],[6.2279,49.756],[6.2277,49.7578],[6.227,49.7589],[6.2241,49.759],[6.2219,49.7597],[6.221,49.7587],[6.2196,49.7581],[6.2173,49.758],[6.216,49.7572],[6.2149,49.7575],[6.2098,49.7571],[6.2068,49.7584],[6.2071,49.7594],[6.2042,49.76],[6.204,49.7606],[6.2014,49.7607],[6.1971,49.7612],[6.1927,49.7615],[6.1859,49.7614],[6.1855,49.76],[6.1842,49.759],[6.1828,49.7591],[6.1813,49.7609],[6.1796,49.7612],[6.1789,49.762],[6.1757,49.7615],[6.1748,49.7639],[6.1735,49.7661],[6.1721,49.7665],[6.1734,49.7675],[6.1716,49.7683],[6.1705,49.7692],[6.1673,49.7733],[6.1669,49.7746],[6.1649,49.7744],[6.1642,49.7748],[6.1617,49.7741],[6.1597,49.7731],[6.1592,49.7734],[6.1566,49.772],[6.1523,49.7711]]]},"properties":{"name":"Fischbach","slug":"fischbach"}},{"type":"Feature","geometry":{"type":"Polygon","coordinates":[[[6.005,49.727],[6.0041,49.7268],[6.0052,49.7253],[6.0019,49.7241],[6.0036,49.7218],[5.9995,49.7209],[6.0005,49.7196],[5.9976,49.7185],[5.9982,49.7172],[5.9968,49.7167],[5.9997,49.7141],[5.9993,49.7135],[5.9971,49.712],[5.9976,49.7113],[6.0001,49.7084],[6.0017,49.707],[6.0042,49.7056],[6.0025,49.7045],[6.0039,49.7034],[6.0032,49.7028],[6.0017,49.7035],[5.9993,49.7017],[6.0001,49.7005],[5.9976,49.6999],[5.9979,49.6983],[5.9969,49.6976],[5.9981,49.6969],[5.9999,49.6969],[6.0022,49.6981],[6.0043,49.6983],[6.006,49.6979],[6.0065,49.6957],[6.0088,49.6954],[6.0096,49.6946],[6.011,49.6942],[6.0129,49.695],[6.015,49.6966],[6.0171,49.6972],[6.0195,49.6972],[6.0225,49.6959],[6.0239,49.697],[6.0257,49.6969],[6.0272,49.6963],[6.0297,49.6957],[6.032,49.6963],[6.0326,49.6961],[6.0332,49.6947],[6.0355,49.6955],[6.0378,49.6932],[6.0359,49.6921],[6.0371,49.6913],[6.0433,49.6938],[6.0467,49.6942],[6.0471,49.6936],[6.0492,49.694],[6.0543,49.6976],[6.0551,49.6977],[6.0559,49.6966],[6.0589,49.6975],[6.0588,49.6991],[6.0577,49.7011],[6.0594,49.7017],[6.0584,49.7028],[6.0628,49.7036],[6.0671,49.7035],[6.0693,49.7028],[6.0698,49.7015],[6.072,49.6988],[6.0744,49.7022],[6.077,49.7065],[6.0782,49.7076],[6.0793,49.7099],[6.0817,49.7142],[6.0838,49.715],[6.0783,49.7166],[6.0737,49.7168],[6.0733,49.7164],[6.0704,49.7161],[6.0693,49.7166],[6.0703,49.7175],[6.0717,49.7174],[6.0739,49.718],[6.0728,49.7196],[6.0704,49.7224],[6.0667,49.725],[6.0627,49.7232],[6.0612,49.7222],[6.0592,49.7212],[6.0572,49.7228],[6.0567,49.7243],[6.0569,49.7257],[6.0562,49.7266],[6.0548,49.7274],[6.0541,49.7284],[6.0512,49.7288],[6.0485,49.7298],[6.0476,49.7304],[6.045,49.7313],[6.044,49.7327],[6.0429,49.7331],[6.0408,49.7326],[6.0391,49.7317],[6.0352,49.732],[6.0323,49.7311],[6.028,49.7307],[6.0244,49.7301],[6.0229,49.7296],[6.0206,49.7292],[6.0192,49.73],[6.0172,49.7301],[6.0131,49.7291],[6.0107,49.7288],[6.008,49.7275],[6.0077,49.7279],[6.005,49.727]]]},"properties":{"name":"Tuntange","slug":"tuntange"}},{"type":"Feature","geometry":{"type":"Polygon","coordinates":[[[6.1171,49.9192],[6.1167,49.9183],[6.1149,49.9173],[6.1135,49.9169],[6.1145,49.9154],[6.1153,49.9124],[6.1159,49.9117],[6.1136,49.9119],[6.1132,49.9101],[6.1123,49.9097],[6.1102,49.9096],[6.1124,49.908],[6.116,49.9089],[6.1184,49.9091],[6.1192,49.9078],[6.1171,49.9057],[6.1204,49.9036],[6.1218,49.903],[6.1248,49.9025],[6.1272,49.9027],[6.1303,49.9026],[6.1316,49.9023],[6.1306,49.9006],[6.1272,49.8984],[6.1261,49.896],[6.1255,49.8952],[6.126,49.8932],[6.1276,49.8934],[6.1291,49.8937],[6.1297,49.8944],[6.1309,49.8942],[6.1316,49.896],[6.1345,49.8977],[6.1355,49.8987],[6.1373,49.8976],[6.1393,49.8971],[6.1411,49.8961],[6.1431,49.8958],[6.1446,49.8962],[6.1464,49.8934],[6.1448,49.893],[6.1433,49.8922],[6.1425,49.8925],[6.1405,49.8925],[6.138,49.8919],[6.1389,49.8909],[6.1402,49.8908],[6.1428,49.89],[6.1468,49.8909],[6.1469,49.8905],[6.1484,49.8894],[6.1516,49.8879],[6.1531,49.886],[6.1548,49.8844],[6.1587,49.8829],[6.1583,49.8824],[6.1615,49.8817],[6.1645,49.8824],[6.1657,49.8815],[6.1692,49.8794],[6.1731,49.8779],[6.1752,49.877],[6.1765,49.8769],[6.1764,49.8751],[6.1777,49.8751],[6.1776,49.8738],[6.1799,49.874],[6.1807,49.8725],[6.1799,49.8723],[6.1843,49.8731],[6.1852,49.8729],[6.1865,49.8717],[6.1879,49.8715],[6.1885,49.8707],[6.1896,49.8708],[6.1885,49.8724],[6.1895,49.873],[6.1902,49.8746],[6.1879,49.8798],[6.189,49.8799],[6.1902,49.8815],[6.1905,49.8836],[6.193,49.8871],[6.1938,49.8862],[6.1984,49.8844],[6.1999,49.8861],[6.2007,49.8865],[6.2024,49.8883],[6.2044,49.8879],[6.2053,49.8886],[6.2084,49.8878],[6.2102,49.8891],[6.2139,49.8911],[6.2173,49.8931],[6.2186,49.8933],[6.2258,49.8926],[6.2287,49.8927],[6.2324,49.8977],[6.2345,49.8983],[6.2354,49.8991],[6.2335,49.9001],[6.2331,49.902],[6.2322,49.9042],[6.2321,49.9064],[6.2298,49.9086],[6.2269,49.9105],[6.227,49.9113],[6.2283,49.9116],[6.2302,49.9111],[6.2315,49.9112],[6.2336,49.9125],[6.2339,49.9141],[6.2316,49.9184],[6.2297,49.9207],[6.2284,49.9211],[6.2256,49.9212],[6.2211,49.922],[6.2187,49.9226],[6.218,49.9231],[6.2162,49.9245],[6.2159,49.9256],[6.2169,49.9262],[6.2145,49.9265],[6.2134,49.9261],[6.2128,49.9247],[6.2104,49.9236],[6.208,49.9229],[6.2071,49.9232],[6.2045,49.9228],[6.2031,49.9233],[6.205,49.9243],[6.2073,49.9244],[6.2054,49.9262],[6.2035,49.9255],[6.1987,49.9245],[6.197,49.9243],[6.195,49.9254],[6.1961,49.9259],[6.1972,49.9272],[6.1962,49.9274],[6.1935,49.9261],[6.1932,49.9243],[6.1908,49.9252],[6.1887,49.9265],[6.1877,49.9275],[6.1847,49.9296],[6.1828,49.9319],[6.1792,49.9331],[6.1773,49.9352],[6.1757,49.9364],[6.1748,49.938],[6.1744,49.9402],[6.1731,49.9418],[6.174,49.9444],[6.1722,49.9446],[6.1707,49.9435],[6.1668,49.942],[6.1651,49.941],[6.1648,49.9399],[6.1616,49.9417],[6.1603,49.9419],[6.1558,49.9412],[6.153,49.9402],[6.1524,49.9411],[6.1495,49.9432],[6.1474,49.9446],[6.1444,49.9456],[6.1431,49.9446],[6.1403,49.9431],[6.1381,49.943],[6.1364,49.9437],[6.1342,49.9435],[6.1332,49.943],[6.1327,49.9404],[6.1313,49.94],[6.1305,49.9386],[6.1287,49.9376],[6.1254,49.9365],[6.1238,49.9352],[6.118,49.9321],[6.1166,49.9309],[6.1161,49.9295],[6.1165,49.9288],[6.1164,49.9277],[6.1169,49.9259],[6.1158,49.9251],[6.1152,49.9227],[6.1157,49.9213],[6.1169,49.9205],[6.1171,49.9192]]]},"properties":{"name":"Tandel","slug":"tandel"}},{"type":"Feature","geometry":{"type":"Polygon","coordinates":[[[6.218,49.9231],[6.2179,49.9237],[6.2186,49.9253],[6.2199,49.926],[6.2243,49.9277],[6.2261,49.9289],[6.2258,49.9301],[6.2246,49.932],[6.2237,49.9343],[6.2252,49.9355],[6.2273,49.9366],[6.2253,49.9388],[6.2231,49.9404],[6.2229,49.941],[6.2212,49.9417],[6.22,49.9433],[6.2165,49.9445],[6.2167,49.9452],[6.2185,49.9455],[6.2186,49.946],[6.2202,49.9472],[6.2236,49.949],[6.2239,49.9501],[6.2117,49.9502],[6.2088,49.953],[6.2085,49.9546],[6.206,49.9552],[6.2046,49.955],[6.2008,49.9529],[6.1996,49.9513],[6.1994,49.9493],[6.1977,49.9482],[6.1946,49.9481],[6.1932,49.9484],[6.1911,49.9485],[6.1886,49.9488],[6.1862,49.9488],[6.1811,49.9471],[6.179,49.9469],[6.1774,49.947],[6.1723,49.9482],[6.1708,49.9483],[6.1692,49.9478],[6.1679,49.9468],[6.1676,49.946],[6.1654,49.9469],[6.163,49.9469],[6.1604,49.9475],[6.1584,49.9476],[6.1494,49.9469],[6.151,49.9459],[6.1551,49.9446],[6.1569,49.9444],[6.1606,49.9433],[6.1616,49.9417],[6.1648,49.9399],[6.1651,49.941],[6.1668,49.942],[6.1707,49.9435],[6.1722,49.9446],[6.174,49.9444],[6.1731,49.9418],[6.1744,49.9402],[6.1748,49.938],[6.1757,49.9364],[6.1773,49.9352],[6.1792,49.9331],[6.1828,49.9319],[6.1847,49.9296],[6.1877,49.9275],[6.1887,49.9265],[6.1908,49.9252],[6.1932,49.9243],[6.1935,49.9261],[6.1962,49.9274],[6.1972,49.9272],[6.1961,49.9259],[6.195,49.9254],[6.197,49.9243],[6.1987,49.9245],[6.2035,49.9255],[6.2054,49.9262],[6.2073,49.9244],[6.205,49.9243],[6.2031,49.9233],[6.2045,49.9228],[6.2071,49.9232],[6.208,49.9229],[6.2104,49.9236],[6.2128,49.9247],[6.2134,49.9261],[6.2145,49.9265],[6.2169,49.9262],[6.2159,49.9256],[6.2162,49.9245],[6.218,49.9231]]]},"properties":{"name":"Vianden","slug":"vianden"}},{"type":"Feature","geometry":{"type":"Polygon","coordinates":[[[6.1616,49.9417],[6.1606,49.9433],[6.1569,49.9444],[6.1551,49.9446],[6.151,49.9459],[6.1494,49.9469],[6.1584,49.9476],[6.1604,49.9475],[6.163,49.9469],[6.1654,49.9469],[6.1676,49.946],[6.1679,49.9468],[6.1692,49.9478],[6.1708,49.9483],[6.1723,49.9482],[6.1774,49.947],[6.179,49.9469],[6.1811,49.9471],[6.1862,49.9488],[6.1886,49.9488],[6.1911,49.9485],[6.1932,49.9484],[6.1946,49.9481],[6.1977,49.9482],[6.1982,49.9495],[6.1978,49.9507],[6.1971,49.9511],[6.1948,49.9543],[6.193,49.9558],[6.1928,49.9568],[6.194,49.9585],[6.194,49.9608],[6.1935,49.9619],[6.1924,49.9633],[6.1921,49.9642],[6.1928,49.967],[6.1904,49.9689],[6.1875,49.9681],[6.1844,49.9677],[6.1823,49.9659],[6.1813,49.9647],[6.1812,49.9638],[6.1835,49.9615],[6.1836,49.9609],[6.1831,49.9586],[6.1847,49.9578],[6.188,49.9571],[6.1887,49.9564],[6.1869,49.9555],[6.186,49.9543],[6.185,49.9536],[6.1819,49.9526],[6.1797,49.9521],[6.1776,49.9535],[6.1769,49.9562],[6.1766,49.959],[6.1758,49.9615],[6.1753,49.9617],[6.1722,49.9621],[6.1704,49.9626],[6.1692,49.9639],[6.1679,49.966],[6.1671,49.9679],[6.1655,49.9693],[6.1648,49.9703],[6.1646,49.9726],[6.1652,49.9749],[6.1663,49.9768],[6.162,49.9777],[6.1598,49.9785],[6.1576,49.9786],[6.1555,49.9793],[6.1502,49.9779],[6.146,49.9764],[6.1441,49.9751],[6.141,49.974],[6.1394,49.9738],[6.1364,49.9742],[6.1325,49.9731],[6.1315,49.9717],[6.1289,49.9712],[6.1258,49.9714],[6.125,49.9717],[6.1227,49.9717],[6.1189,49.9742],[6.1177,49.9762],[6.1197,49.9769],[6.1186,49.9799],[6.1169,49.9815],[6.1149,49.9825],[6.1098,49.9825],[6.1085,49.9831],[6.1063,49.9823],[6.1037,49.9818],[6.1026,49.9829],[6.1001,49.9827],[6.1004,49.984],[6.1001,49.9854],[6.0989,49.9875],[6.0979,49.9876],[6.0985,49.9857],[6.0984,49.9844],[6.0962,49.9808],[6.0977,49.9795],[6.0989,49.9792],[6.103,49.9788],[6.1023,49.9774],[6.1025,49.9761],[6.102,49.9748],[6.1003,49.9734],[6.1003,49.972],[6.0989,49.9701],[6.0988,49.969],[6.0982,49.968],[6.0983,49.9673],[6.1013,49.9651],[6.0997,49.9643],[6.0988,49.9624],[6.0991,49.9611],[6.0975,49.96],[6.096,49.9579],[6.0935,49.9573],[6.0932,49.9568],[6.0938,49.9553],[6.0928,49.9545],[6.0923,49.953],[6.0943,49.9502],[6.0937,49.9496],[6.0915,49.9487],[6.0922,49.9467],[6.0908,49.9457],[6.09,49.9443],[6.0911,49.9428],[6.0931,49.9414],[6.0931,49.9404],[6.0893,49.9388],[6.0875,49.9372],[6.0878,49.9358],[6.0872,49.935],[6.0876,49.9342],[6.0897,49.9323],[6.0915,49.9325],[6.0928,49.9322],[6.094,49.9326],[6.0952,49.9317],[6.0943,49.9309],[6.0945,49.929],[6.0962,49.9274],[6.0953,49.9265],[6.0958,49.9245],[6.0964,49.9242],[6.0984,49.9243],[6.0999,49.9239],[6.101,49.9229],[6.1045,49.9221],[6.1088,49.9206],[6.1089,49.9197],[6.1103,49.9191],[6.1124,49.9187],[6.1164,49.9189],[6.1171,49.9192],[6.1169,49.9205],[6.1157,49.9213],[6.1152,49.9227],[6.1158,49.9251],[6.1169,49.9259],[6.1164,49.9277],[6.1165,49.9288],[6.1161,49.9295],[6.1166,49.9309],[6.118,49.9321],[6.1238,49.9352],[6.1254,49.9365],[6.1287,49.9376],[6.1305,49.9386],[6.1313,49.94],[6.1327,49.9404],[6.1332,49.943],[6.1342,49.9435],[6.1364,49.9437],[6.1381,49.943],[6.1403,49.9431],[6.1431,49.9446],[6.1444,49.9456],[6.1474,49.9446],[6.1495,49.9432],[6.1524,49.9411],[6.153,49.9402],[6.1558,49.9412],[6.1603,49.9419],[6.1616,49.9417]]]},"properties":{"name":"Putscheid","slug":"putscheid"}},{"type":"Feature","geometry":{"type":"Polygon","coordinates":[[[6.1663,49.9768],[6.1668,49.979],[6.1673,49.98],[6.1687,49.9811],[6.1686,49.9821],[6.1689,49.9838],[6.1702,49.9845],[6.1717,49.984],[6.1715,49.9852],[6.1688,49.9856],[6.1645,49.9868],[6.1614,49.9871],[6.16,49.9869],[6.1574,49.987],[6.1536,49.9894],[6.1524,49.9909],[6.1508,49.9941],[6.1466,49.9949],[6.1424,49.9947],[6.1414,49.995],[6.1394,49.9967],[6.1377,49.9985],[6.139,50],[6.1399,50.0002],[6.1419,49.9993],[6.1436,49.9982],[6.1448,49.9981],[6.1457,49.999],[6.1466,50.0012],[6.1463,50.0024],[6.1479,50.0047],[6.1493,50.0064],[6.1497,50.0087],[6.1481,50.0102],[6.1458,50.0102],[6.1399,50.0106],[6.1379,50.0114],[6.1358,50.0137],[6.1342,50.015],[6.1295,50.0182],[6.1301,50.0191],[6.1314,50.0194],[6.1327,50.019],[6.1348,50.0166],[6.1363,50.0158],[6.1381,50.0162],[6.1396,50.0176],[6.1409,50.018],[6.1442,50.0204],[6.1454,50.0216],[6.1458,50.0227],[6.1433,50.0244],[6.1406,50.0248],[6.1368,50.0264],[6.1334,50.0277],[6.1301,50.0293],[6.1296,50.0305],[6.1296,50.0318],[6.1308,50.0337],[6.132,50.0347],[6.1323,50.0365],[6.1343,50.0393],[6.1344,50.0399],[6.1328,50.0427],[6.1292,50.0458],[6.1271,50.048],[6.1253,50.0507],[6.1243,50.0514],[6.1218,50.0523],[6.1209,50.0542],[6.1223,50.0557],[6.124,50.0582],[6.1241,50.0593],[6.1232,50.0602],[6.1219,50.0604],[6.1206,50.0601],[6.1205,50.057],[6.1196,50.0564],[6.1178,50.0563],[6.1167,50.0567],[6.1153,50.056],[6.1121,50.0553],[6.1108,50.0552],[6.1074,50.0532],[6.1046,50.0524],[6.1017,50.0509],[6.1008,50.0492],[6.1013,50.048],[6.0991,50.0479],[6.0959,50.0466],[6.0935,50.047],[6.0907,50.0467],[6.0894,50.046],[6.0871,50.046],[6.0841,50.0465],[6.084,50.0457],[6.0792,50.0431],[6.0775,50.0425],[6.0763,50.0449],[6.0737,50.044],[6.0715,50.0436],[6.0688,50.0427],[6.0675,50.042],[6.0679,50.041],[6.0695,50.0413],[6.0709,50.0396],[6.0674,50.0386],[6.0666,50.0376],[6.0637,50.036],[6.0616,50.0346],[6.0601,50.0326],[6.0617,50.0312],[6.0577,50.029],[6.057,50.0295],[6.0577,50.0307],[6.0573,50.0326],[6.0583,50.0348],[6.0597,50.0362],[6.0606,50.0366],[6.0623,50.038],[6.0603,50.039],[6.0585,50.0377],[6.0565,50.0352],[6.0568,50.0342],[6.0538,50.0342],[6.0523,50.0324],[6.053,50.031],[6.0532,50.0296],[6.0488,50.0269],[6.0475,50.0227],[6.0481,50.0219],[6.0464,50.0215],[6.0461,50.021],[6.0444,50.0205],[6.0412,50.0201],[6.0409,50.0192],[6.0415,50.0181],[6.0412,50.0169],[6.0396,50.0167],[6.0375,50.017],[6.0361,50.0168],[6.0375,50.0144],[6.0379,50.0125],[6.0416,50.0129],[6.0419,50.0114],[6.0383,50.0095],[6.037,50.009],[6.0376,50.0066],[6.0401,50.0055],[6.0417,50.0051],[6.043,50.004],[6.0429,50.0031],[6.044,50.0022],[6.0434,50.0004],[6.0441,49.9996],[6.0444,49.9974],[6.0464,49.9978],[6.048,49.9987],[6.0531,50.0005],[6.0561,50.002],[6.0569,50.002],[6.0597,50.0037],[6.0604,50.0031],[6.0608,50.0002],[6.0597,49.9982],[6.0584,49.9975],[6.0592,49.9967],[6.0587,49.9961],[6.0564,49.9951],[6.0562,49.9941],[6.0535,49.9935],[6.0516,49.9924],[6.0522,49.9911],[6.0523,49.9888],[6.0532,49.9878],[6.0518,49.9872],[6.048,49.9863],[6.0472,49.9867],[6.0456,49.9863],[6.0445,49.985],[6.0428,49.9838],[6.0412,49.9836],[6.0403,49.985],[6.0362,49.9836],[6.0363,49.9819],[6.0344,49.9804],[6.0329,49.9798],[6.0321,49.9791],[6.0317,49.9772],[6.0285,49.9757],[6.0274,49.9742],[6.0259,49.9731],[6.0284,49.9718],[6.0295,49.971],[6.0253,49.9696],[6.0233,49.968],[6.0236,49.9671],[6.0249,49.9662],[6.0261,49.966],[6.0283,49.964],[6.031,49.965],[6.0361,49.9641],[6.0392,49.9632],[6.042,49.9634],[6.0428,49.9617],[6.0417,49.9606],[6.0389,49.9587],[6.0367,49.9582],[6.0381,49.9561],[6.0391,49.955],[6.0415,49.9541],[6.0423,49.9532],[6.0404,49.9513],[6.0389,49.9509],[6.04,49.9502],[6.041,49.9489],[6.0404,49.9471],[6.0457,49.9487],[6.0504,49.9481],[6.0541,49.9514],[6.0521,49.9516],[6.0507,49.9524],[6.0545,49.9539],[6.0565,49.9539],[6.0611,49.9553],[6.0638,49.9547],[6.0646,49.954],[6.0627,49.9531],[6.0629,49.9523],[6.0649,49.9513],[6.0654,49.9505],[6.0654,49.9492],[6.0641,49.9491],[6.063,49.9484],[6.0627,49.9469],[6.0643,49.9459],[6.0651,49.9443],[6.0633,49.9414],[6.0648,49.9383],[6.0654,49.935],[6.068,49.9348],[6.0686,49.9342],[6.0713,49.9345],[6.0737,49.9339],[6.0739,49.9334],[6.0759,49.9327],[6.0789,49.9324],[6.0819,49.9335],[6.0845,49.934],[6.0874,49.9333],[6.0876,49.9342],[6.0872,49.935],[6.0878,49.9358],[6.0875,49.9372],[6.0893,49.9388],[6.0931,49.9404],[6.0931,49.9414],[6.0911,49.9428],[6.09,49.9443],[6.0908,49.9457],[6.0922,49.9467],[6.0915,49.9487],[6.0937,49.9496],[6.0943,49.9502],[6.0923,49.953],[6.0928,49.9545],[6.0938,49.9553],[6.0932,49.9568],[6.0935,49.9573],[6.096,49.9579],[6.0975,49.96],[6.0991,49.9611],[6.0988,49.9624],[6.0997,49.9643],[6.1013,49.9651],[6.0983,49.9673],[6.0982,49.968],[6.0988,49.969],[6.0989,49.9701],[6.1003,49.972],[6.1003,49.9734],[6.102,49.9748],[6.1025,49.9761],[6.1023,49.9774],[6.103,49.9788],[6.0989,49.9792],[6.0977,49.9795],[6.0962,49.9808],[6.0984,49.9844],[6.0985,49.9857],[6.0979,49.9876],[6.0989,49.9875],[6.1001,49.9854],[6.1004,49.984],[6.1001,49.9827],[6.1026,49.9829],[6.1037,49.9818],[6.1063,49.9823],[6.1085,49.9831],[6.1098,49.9825],[6.1149,49.9825],[6.1169,49.9815],[6.1186,49.9799],[6.1197,49.9769],[6.1177,49.9762],[6.1189,49.9742],[6.1227,49.9717],[6.125,49.9717],[6.1258,49.9714],[6.1289,49.9712],[6.1315,49.9717],[6.1325,49.9731],[6.1364,49.9742],[6.1394,49.9738],[6.141,49.974],[6.1441,49.9751],[6.146,49.9764],[6.1502,49.9779],[6.1555,49.9793],[6.1576,49.9786],[6.1598,49.9785],[6.162,49.9777],[6.1663,49.9768]]]},"properties":{"name":"Parc Hosingen","slug":"parc-hosingen"}},{"type":"Feature","geometry":{"type":"Polygon","coordinates":[[[5.954,50.1302],[5.9547,50.1304],[5.9566,50.1287],[5.956,50.1279],[5.9531,50.1268],[5.9538,50.1247],[5.9539,50.1227],[5.9568,50.12],[5.9549,50.1194],[5.9552,50.1187],[5.9588,50.1146],[5.9595,50.113],[5.961,50.1113],[5.9634,50.1077],[5.9688,50.1094],[5.9716,50.1107],[5.977,50.1126],[5.9816,50.1136],[5.984,50.1145],[5.9857,50.1147],[5.9876,50.1125],[5.9894,50.1131],[5.99,50.1123],[5.9917,50.113],[5.9926,50.112],[5.995,50.1132],[5.9962,50.112],[5.998,50.1108],[5.9991,50.1106],[5.9995,50.1092],[6.0001,50.109],[6.004,50.1093],[6.0073,50.1083],[6.0093,50.1073],[6.0099,50.1066],[6.0113,50.1075],[6.0139,50.1077],[6.0141,50.1091],[6.0127,50.1107],[6.0126,50.1119],[6.0141,50.1124],[6.013,50.1144],[6.0136,50.1161],[6.0101,50.1169],[6.0117,50.1179],[6.0148,50.1189],[6.0163,50.1216],[6.0189,50.1216],[6.0217,50.1221],[6.0229,50.1225],[6.0239,50.1237],[6.0237,50.1245],[6.026,50.1277],[6.0277,50.1294],[6.0313,50.1315],[6.0334,50.1323],[6.0359,50.1337],[6.0389,50.1359],[6.0397,50.1376],[6.0417,50.1386],[6.0442,50.1402],[6.0447,50.1411],[6.0488,50.144],[6.0508,50.1449],[6.0524,50.1452],[6.0521,50.1473],[6.0503,50.148],[6.0504,50.1492],[6.0491,50.1505],[6.0487,50.1516],[6.0465,50.1527],[6.0455,50.155],[6.0461,50.1564],[6.0457,50.1577],[6.0435,50.1585],[6.04,50.1594],[6.0372,50.1605],[6.0354,50.1619],[6.0336,50.1623],[6.0307,50.1645],[6.0292,50.1664],[6.0296,50.1675],[6.0293,50.1689],[6.0296,50.1707],[6.029,50.1733],[6.0274,50.1765],[6.0267,50.1771],[6.0257,50.1795],[6.0247,50.1828],[6.0223,50.1825],[6.0205,50.1818],[6.0176,50.1812],[6.0172,50.1807],[6.0149,50.1798],[6.0132,50.179],[6.0097,50.1783],[6.0042,50.1766],[5.9999,50.1759],[5.991,50.1752],[5.9711,50.175],[5.9695,50.1734],[5.9684,50.1728],[5.9651,50.1731],[5.9637,50.1726],[5.9642,50.1715],[5.9643,50.1676],[5.9639,50.1641],[5.9618,50.1608],[5.9632,50.1609],[5.9643,50.1582],[5.9667,50.1558],[5.9671,50.155],[5.9654,50.1537],[5.9627,50.1533],[5.9581,50.1514],[5.9587,50.1505],[5.9612,50.1498],[5.9605,50.1488],[5.9602,50.1471],[5.961,50.1448],[5.9613,50.1426],[5.9585,50.1389],[5.9604,50.1329],[5.9613,50.1314],[5.9598,50.131],[5.9547,50.1311],[5.954,50.1302]]]},"properties":{"name":"Troisvierges","slug":"troisvierges"}},{"type":"Feature","geometry":{"type":"Polygon","coordinates":[[[6.0099,50.1066],[6.0108,50.1061],[6.0116,50.105],[6.0114,50.1041],[6.0078,50.1039],[6.0063,50.1035],[6.0055,50.1022],[6.0061,50.1016],[6.0062,50.1002],[6.0076,50.099],[6.0072,50.0979],[6.0091,50.0972],[6.0109,50.0973],[6.0145,50.0967],[6.0148,50.096],[6.0166,50.0953],[6.0176,50.0954],[6.0205,50.0975],[6.0215,50.0965],[6.0224,50.0967],[6.0231,50.0945],[6.0269,50.0943],[6.0267,50.0947],[6.0275,50.0968],[6.0289,50.0964],[6.0326,50.0962],[6.0366,50.0963],[6.0369,50.0958],[6.0436,50.0966],[6.0496,50.098],[6.0507,50.0991],[6.0532,50.0983],[6.0543,50.0989],[6.0556,50.099],[6.0579,50.101],[6.0592,50.1017],[6.0585,50.1031],[6.0608,50.1031],[6.0618,50.1035],[6.0644,50.104],[6.0668,50.1058],[6.0696,50.1069],[6.0738,50.1093],[6.0755,50.1101],[6.0777,50.1124],[6.0794,50.1161],[6.0811,50.1176],[6.0813,50.1185],[6.084,50.1183],[6.0854,50.12],[6.0872,50.1212],[6.0885,50.1216],[6.0931,50.1243],[6.094,50.1252],[6.0949,50.1269],[6.0955,50.1274],[6.0988,50.1276],[6.1033,50.1296],[6.1041,50.1302],[6.1039,50.1316],[6.1066,50.1343],[6.1082,50.1352],[6.1103,50.1359],[6.1123,50.136],[6.1121,50.138],[6.1136,50.1398],[6.114,50.1419],[6.1151,50.1442],[6.117,50.1445],[6.1172,50.1466],[6.1189,50.1479],[6.1228,50.1495],[6.124,50.1496],[6.1257,50.1501],[6.1241,50.1513],[6.1207,50.1519],[6.1193,50.1527],[6.1192,50.1534],[6.1176,50.1548],[6.1152,50.1551],[6.115,50.156],[6.1168,50.1578],[6.1176,50.159],[6.1204,50.1618],[6.1198,50.1634],[6.1153,50.1653],[6.1024,50.1706],[6.0999,50.1707],[6.0978,50.1697],[6.0955,50.1694],[6.0926,50.1694],[6.091,50.1703],[6.0888,50.1706],[6.0853,50.172],[6.0832,50.1718],[6.0792,50.1708],[6.0799,50.1697],[6.079,50.1684],[6.0793,50.1667],[6.0802,50.164],[6.0805,50.1627],[6.0802,50.1611],[6.0791,50.16],[6.0783,50.1567],[6.0757,50.1569],[6.0741,50.1575],[6.072,50.1574],[6.0703,50.1567],[6.0689,50.1553],[6.0641,50.1534],[6.0626,50.1539],[6.0615,50.1536],[6.057,50.1543],[6.0554,50.1551],[6.0503,50.1568],[6.0457,50.1577],[6.0461,50.1564],[6.0455,50.155],[6.0465,50.1527],[6.0487,50.1516],[6.0491,50.1505],[6.0504,50.1492],[6.0503,50.148],[6.0521,50.1473],[6.0524,50.1452],[6.0508,50.1449],[6.0488,50.144],[6.0447,50.1411],[6.0442,50.1402],[6.0417,50.1386],[6.0397,50.1376],[6.0389,50.1359],[6.0359,50.1337],[6.0334,50.1323],[6.0313,50.1315],[6.0277,50.1294],[6.026,50.1277],[6.0237,50.1245],[6.0239,50.1237],[6.0229,50.1225],[6.0217,50.1221],[6.0189,50.1216],[6.0163,50.1216],[6.0148,50.1189],[6.0117,50.1179],[6.0101,50.1169],[6.0136,50.1161],[6.013,50.1144],[6.0141,50.1124],[6.0126,50.1119],[6.0127,50.1107],[6.0141,50.1091],[6.0139,50.1077],[6.0113,50.1075],[6.0099,50.1066]]]},"properties":{"name":"Weiswampach","slug":"weiswampach"}},{"type":"Feature","geometry":{"type":"Polygon","coordinates":[[[5.954,50.1302],[5.9497,50.1292],[5.9468,50.1293],[5.9434,50.1292],[5.9387,50.1277],[5.9372,50.1269],[5.9336,50.1269],[5.9297,50.1262],[5.9259,50.1244],[5.9216,50.1232],[5.9174,50.1215],[5.9141,50.1219],[5.9113,50.1207],[5.9095,50.1191],[5.9035,50.1172],[5.901,50.1162],[5.8982,50.1136],[5.8953,50.1122],[5.8955,50.1113],[5.895,50.1092],[5.8953,50.1061],[5.8952,50.105],[5.8944,50.1033],[5.8946,50.1013],[5.8942,50.1007],[5.8921,50.0994],[5.8907,50.0971],[5.8893,50.0956],[5.8883,50.0934],[5.8866,50.0908],[5.8866,50.0889],[5.8872,50.0864],[5.8872,50.0839],[5.8875,50.0819],[5.8872,50.0794],[5.8865,50.0784],[5.8852,50.0777],[5.8822,50.0768],[5.8788,50.0764],[5.8723,50.0749],[5.8677,50.0734],[5.8679,50.0721],[5.8659,50.0707],[5.8623,50.0694],[5.8607,50.0692],[5.8584,50.0668],[5.8567,50.0639],[5.8566,50.0616],[5.8548,50.06],[5.8542,50.0589],[5.8556,50.0578],[5.8565,50.0577],[5.8575,50.055],[5.8606,50.0545],[5.8612,50.0547],[5.8638,50.053],[5.8661,50.051],[5.8674,50.0502],[5.8678,50.0493],[5.8699,50.0459],[5.8675,50.0453],[5.8685,50.0439],[5.8674,50.0433],[5.8632,50.0422],[5.8623,50.0411],[5.8632,50.0392],[5.8612,50.0388],[5.859,50.038],[5.8577,50.037],[5.8561,50.0363],[5.8565,50.0354],[5.8581,50.0347],[5.8576,50.0331],[5.8589,50.032],[5.8594,50.0308],[5.859,50.0303],[5.8599,50.0289],[5.8591,50.0285],[5.8568,50.0284],[5.8533,50.0276],[5.8537,50.0266],[5.8515,50.0261],[5.8525,50.0229],[5.8507,50.0226],[5.8471,50.0211],[5.8438,50.0194],[5.8426,50.0195],[5.8407,50.019],[5.8395,50.0192],[5.8375,50.0187],[5.834,50.0185],[5.8324,50.018],[5.8329,50.0173],[5.8315,50.0166],[5.8293,50.0158],[5.8301,50.0148],[5.8278,50.0149],[5.8274,50.0141],[5.8259,50.0149],[5.8242,50.015],[5.8229,50.014],[5.8217,50.0141],[5.819,50.0128],[5.82,50.0114],[5.8195,50.0104],[5.8208,50.0078],[5.8222,50.0059],[5.8204,50.0052],[5.8214,50.0037],[5.8217,50.0018],[5.8207,50.0008],[5.8208,50.0002],[5.8236,49.997],[5.8247,49.9968],[5.8275,49.9956],[5.8296,49.9941],[5.8324,49.9905],[5.8342,49.9909],[5.8366,49.9912],[5.8401,49.9894],[5.8441,49.99],[5.8463,49.9901],[5.8478,49.9899],[5.8514,49.9901],[5.8513,49.9884],[5.8555,49.9895],[5.8572,49.9907],[5.858,49.9907],[5.8593,49.99],[5.8586,49.9875],[5.8613,49.9878],[5.8653,49.9892],[5.8669,49.9906],[5.8686,49.99],[5.8716,49.9913],[5.871,49.9935],[5.8715,49.9947],[5.8703,49.9969],[5.8692,49.9995],[5.8706,50.0002],[5.8723,49.9998],[5.8765,49.9982],[5.8774,49.9973],[5.8809,49.9959],[5.8831,49.9946],[5.8853,49.9938],[5.8859,49.9929],[5.8875,49.9922],[5.8907,49.9915],[5.8904,49.9924],[5.891,49.9933],[5.8925,49.9929],[5.8949,49.9929],[5.8951,49.9923],[5.8966,49.9924],[5.8988,49.9936],[5.8974,49.9964],[5.8964,49.9976],[5.8977,49.9978],[5.8988,49.9961],[5.8996,49.9933],[5.9003,49.9933],[5.9029,49.9941],[5.9039,49.994],[5.9061,49.993],[5.9067,49.9951],[5.9083,49.9957],[5.9096,49.997],[5.9106,49.9973],[5.9109,49.9983],[5.9101,50.0002],[5.9151,50.0021],[5.9197,50.0042],[5.9205,50.007],[5.9204,50.008],[5.921,50.009],[5.9231,50.0094],[5.9231,50.0081],[5.9269,50.0081],[5.9277,50.0085],[5.9282,50.0103],[5.9287,50.0108],[5.9278,50.0116],[5.9255,50.0117],[5.9251,50.0128],[5.9257,50.0132],[5.9243,50.0143],[5.9239,50.0161],[5.9268,50.017],[5.927,50.0181],[5.9282,50.0183],[5.9282,50.0198],[5.9305,50.0198],[5.9301,50.0209],[5.927,50.0213],[5.9278,50.0228],[5.9271,50.0236],[5.9297,50.0257],[5.9311,50.0249],[5.9319,50.0237],[5.9318,50.0218],[5.9313,50.0207],[5.9326,50.02],[5.9346,50.0199],[5.9368,50.0196],[5.9388,50.0219],[5.9421,50.0241],[5.9428,50.0251],[5.9481,50.0263],[5.9488,50.0272],[5.9512,50.028],[5.9546,50.0273],[5.9555,50.0263],[5.9581,50.0273],[5.9607,50.0285],[5.9625,50.0301],[5.9643,50.0304],[5.9662,50.032],[5.9637,50.0329],[5.9627,50.033],[5.9607,50.0338],[5.9622,50.0355],[5.9619,50.0375],[5.9594,50.0384],[5.9569,50.0411],[5.9618,50.0425],[5.964,50.0428],[5.9689,50.0427],[5.9693,50.0442],[5.9709,50.0452],[5.9709,50.0464],[5.9719,50.0475],[5.9728,50.0479],[5.9731,50.0493],[5.9749,50.0507],[5.9757,50.0522],[5.9756,50.0545],[5.9772,50.0559],[5.9791,50.0556],[5.9806,50.0546],[5.9822,50.0541],[5.982,50.0558],[5.9824,50.058],[5.9846,50.0603],[5.9864,50.0606],[5.9851,50.0625],[5.9847,50.0638],[5.9856,50.0659],[5.985,50.0676],[5.9856,50.0679],[5.9872,50.0669],[5.9937,50.0679],[5.9956,50.0697],[5.9985,50.0712],[6,50.0713],[6.0031,50.0708],[6.0049,50.0718],[6.0074,50.0727],[6.0111,50.0718],[6.0137,50.0707],[6.016,50.0692],[6.019,50.0683],[6.0216,50.0682],[6.0221,50.0694],[6.0209,50.0724],[6.0209,50.0734],[6.0233,50.0735],[6.0235,50.0756],[6.0256,50.0773],[6.0249,50.0781],[6.0254,50.0795],[6.0284,50.0807],[6.03,50.0807],[6.0316,50.0819],[6.0317,50.0826],[6.0308,50.0836],[6.0313,50.0842],[6.0309,50.0852],[6.0292,50.0866],[6.0276,50.0866],[6.0275,50.0875],[6.0266,50.088],[6.0267,50.0887],[6.0281,50.0911],[6.0292,50.0912],[6.0298,50.0931],[6.0291,50.0937],[6.0269,50.0943],[6.0231,50.0945],[6.0224,50.0967],[6.0215,50.0965],[6.0205,50.0975],[6.0176,50.0954],[6.0166,50.0953],[6.0148,50.096],[6.0145,50.0967],[6.0109,50.0973],[6.0091,50.0972],[6.0072,50.0979],[6.0076,50.099],[6.0062,50.1002],[6.0061,50.1016],[6.0055,50.1022],[6.0063,50.1035],[6.0078,50.1039],[6.0114,50.1041],[6.0116,50.105],[6.0108,50.1061],[6.0099,50.1066],[6.0093,50.1073],[6.0073,50.1083],[6.004,50.1093],[6.0001,50.109],[5.9995,50.1092],[5.9991,50.1106],[5.998,50.1108],[5.9962,50.112],[5.995,50.1132],[5.9926,50.112],[5.9917,50.113],[5.99,50.1123],[5.9894,50.1131],[5.9876,50.1125],[5.9857,50.1147],[5.984,50.1145],[5.9816,50.1136],[5.977,50.1126],[5.9716,50.1107],[5.9688,50.1094],[5.9634,50.1077],[5.961,50.1113],[5.9595,50.113],[5.9588,50.1146],[5.9552,50.1187],[5.9549,50.1194],[5.9568,50.12],[5.9539,50.1227],[5.9538,50.1247],[5.9531,50.1268],[5.956,50.1279],[5.9566,50.1287],[5.9547,50.1304],[5.954,50.1302]]]},"properties":{"name":"Wincrange","slug":"wincrange"}},{"type":"Feature","geometry":{"type":"Polygon","coordinates":[[[5.8779,49.8698],[5.8746,49.8693],[5.8753,49.8678],[5.875,49.867],[5.8731,49.8658],[5.8742,49.8644],[5.8754,49.8638],[5.8747,49.8605],[5.872,49.859],[5.8712,49.858],[5.8707,49.8559],[5.8727,49.8561],[5.8746,49.8522],[5.8707,49.8516],[5.8681,49.8506],[5.8678,49.85],[5.869,49.8488],[5.8715,49.8494],[5.8747,49.8495],[5.8749,49.8486],[5.8763,49.8483],[5.8783,49.8488],[5.8825,49.8491],[5.8857,49.8488],[5.8861,49.8479],[5.8825,49.8462],[5.8814,49.8455],[5.8781,49.8441],[5.8754,49.8438],[5.8708,49.8429],[5.8702,49.8421],[5.8711,49.8413],[5.8726,49.8413],[5.8728,49.8407],[5.8746,49.8413],[5.876,49.8405],[5.8775,49.8406],[5.8776,49.8399],[5.8796,49.8403],[5.882,49.8381],[5.8814,49.834],[5.8814,49.8329],[5.8839,49.8311],[5.8844,49.8303],[5.8869,49.8305],[5.8884,49.8297],[5.8892,49.8298],[5.8937,49.8275],[5.8958,49.8261],[5.8965,49.8244],[5.8983,49.8215],[5.9011,49.8202],[5.9038,49.82],[5.9059,49.8202],[5.9075,49.8194],[5.9085,49.8197],[5.9087,49.8216],[5.9095,49.8241],[5.9094,49.8254],[5.9107,49.8249],[5.9122,49.8247],[5.9152,49.8252],[5.9196,49.8252],[5.9251,49.8239],[5.9299,49.8195],[5.9344,49.8177],[5.9389,49.8168],[5.9392,49.8159],[5.942,49.816],[5.942,49.8155],[5.9457,49.8157],[5.9467,49.8155],[5.9461,49.8167],[5.948,49.8176],[5.9478,49.8183],[5.9466,49.8189],[5.9492,49.821],[5.9484,49.8236],[5.9449,49.8232],[5.9443,49.8253],[5.9433,49.8264],[5.9419,49.8269],[5.9405,49.8282],[5.9402,49.8294],[5.9383,49.831],[5.9371,49.8358],[5.9359,49.8379],[5.9337,49.839],[5.9291,49.8404],[5.9275,49.8401],[5.9248,49.8415],[5.9225,49.8423],[5.9203,49.844],[5.9176,49.8472],[5.915,49.8499],[5.9167,49.8504],[5.9175,49.8515],[5.9203,49.8528],[5.9212,49.8536],[5.9213,49.8545],[5.9197,49.8567],[5.9204,49.8578],[5.9216,49.8588],[5.9226,49.8591],[5.925,49.8592],[5.9217,49.8615],[5.9195,49.862],[5.918,49.8614],[5.9176,49.8604],[5.9135,49.8589],[5.9113,49.8607],[5.9097,49.8613],[5.9099,49.8625],[5.9121,49.8639],[5.9145,49.865],[5.9151,49.8646],[5.9184,49.8646],[5.9206,49.8643],[5.9208,49.8662],[5.9195,49.8673],[5.9163,49.8671],[5.9157,49.8702],[5.9167,49.8711],[5.9143,49.8713],[5.9125,49.8748],[5.9096,49.8771],[5.9085,49.8797],[5.9074,49.8798],[5.9063,49.8809],[5.9066,49.8814],[5.9043,49.8826],[5.9039,49.8848],[5.9024,49.8863],[5.902,49.8872],[5.9011,49.8873],[5.8999,49.8882],[5.8991,49.8879],[5.897,49.8866],[5.8979,49.8858],[5.8958,49.8841],[5.8947,49.8846],[5.8937,49.8834],[5.8928,49.8818],[5.8931,49.8808],[5.8924,49.8795],[5.8955,49.8782],[5.8939,49.8769],[5.8949,49.8764],[5.8935,49.875],[5.8958,49.8752],[5.8968,49.8748],[5.8977,49.8736],[5.8944,49.8718],[5.8948,49.8714],[5.8925,49.8701],[5.8902,49.87],[5.8892,49.8703],[5.888,49.869],[5.8884,49.8669],[5.887,49.866],[5.8852,49.8656],[5.8818,49.864],[5.8802,49.8642],[5.8785,49.8654],[5.8792,49.8665],[5.8782,49.8678],[5.8779,49.8698]]]},"properties":{"name":"Wahl","slug":"wahl"}},{"type":"Feature","geometry":{"type":"Polygon","coordinates":[[[5.9414,49.5006],[5.9432,49.5002],[5.9459,49.4996],[5.9462,49.4976],[5.9463,49.497],[5.9492,49.4965],[5.9489,49.4959],[5.9512,49.4952],[5.9521,49.4941],[5.9545,49.4942],[5.9552,49.4931],[5.957,49.4936],[5.9609,49.4931],[5.9652,49.4928],[5.9661,49.4913],[5.9691,49.4915],[5.9696,49.4912],[5.9721,49.4914],[5.9738,49.4891],[5.9709,49.4884],[5.9682,49.4865],[5.9716,49.4831],[5.9733,49.4828],[5.9749,49.482],[5.9752,49.4815],[5.9747,49.4798],[5.9751,49.4788],[5.9747,49.4775],[5.9724,49.4756],[5.9702,49.4755],[5.9712,49.4745],[5.9723,49.4744],[5.9722,49.4724],[5.9728,49.4711],[5.9719,49.4696],[5.9736,49.4686],[5.974,49.4655],[5.9758,49.4634],[5.9758,49.4628],[5.9773,49.4626],[5.9793,49.4609],[5.9814,49.4612],[5.9826,49.4635],[5.9873,49.4626],[5.9896,49.4643],[5.9898,49.467],[5.9911,49.4675],[5.9931,49.4689],[5.9948,49.47],[5.9973,49.4711],[5.9957,49.4721],[5.9949,49.4731],[5.9963,49.4738],[5.9959,49.4743],[5.9992,49.475],[6.0006,49.4759],[6.0014,49.478],[6.001,49.4791],[6.0027,49.4811],[6.0045,49.4824],[6.0051,49.4837],[6.0043,49.4856],[6.0038,49.4862],[6.0017,49.4859],[6.0008,49.4853],[5.9999,49.4839],[5.9988,49.484],[5.9969,49.4849],[5.9966,49.4858],[5.9975,49.4875],[6.0008,49.4866],[6.0027,49.487],[6.0032,49.4877],[5.9979,49.4897],[6.002,49.4908],[6.0031,49.4913],[6.0032,49.4927],[5.9992,49.4925],[5.9965,49.4935],[5.9981,49.4942],[5.9973,49.4956],[5.994,49.4958],[5.9933,49.497],[5.9956,49.4993],[5.9986,49.5005],[5.9976,49.5021],[5.9968,49.5043],[5.9982,49.505],[5.9983,49.5064],[5.9998,49.5066],[6.0005,49.5078],[5.9999,49.5087],[6.0013,49.5098],[6.001,49.5107],[5.9997,49.5108],[5.9988,49.5133],[5.9978,49.5149],[5.999,49.5159],[6.0018,49.516],[6.0015,49.5167],[5.9997,49.5186],[5.9981,49.5178],[5.9941,49.5154],[5.9917,49.5146],[5.9865,49.5138],[5.9865,49.5146],[5.9846,49.5141],[5.9839,49.5132],[5.9819,49.5116],[5.9742,49.5126],[5.9718,49.5128],[5.9681,49.5139],[5.9669,49.5144],[5.9659,49.5137],[5.9666,49.5129],[5.9631,49.5123],[5.9585,49.5121],[5.9565,49.5118],[5.9563,49.5108],[5.953,49.5108],[5.9517,49.5118],[5.9498,49.5117],[5.947,49.5101],[5.9467,49.5087],[5.9487,49.5083],[5.9515,49.5085],[5.952,49.5067],[5.9506,49.5065],[5.9481,49.5052],[5.9453,49.5046],[5.9432,49.5035],[5.9426,49.5028],[5.9427,49.5015],[5.9414,49.5006]]]},"properties":{"name":"Esch-sur-Alzette","slug":"esch-sur-alzette"}},{"type":"Feature","geometry":{"type":"Polygon","coordinates":[[[5.9997,49.5186],[6.0014,49.5196],[6.0032,49.5212],[6.0071,49.5202],[6.0092,49.5193],[6.0107,49.5193],[6.0133,49.5197],[6.0158,49.5223],[6.0192,49.5237],[6.0209,49.5222],[6.022,49.5217],[6.0263,49.5188],[6.0251,49.5182],[6.0262,49.5174],[6.031,49.5167],[6.0327,49.5156],[6.0335,49.5158],[6.0354,49.5152],[6.0367,49.5153],[6.0383,49.5148],[6.0391,49.5133],[6.0388,49.5128],[6.0412,49.512],[6.0436,49.5119],[6.0462,49.5112],[6.0487,49.5115],[6.0476,49.5128],[6.0484,49.5138],[6.0511,49.5147],[6.0514,49.5158],[6.0537,49.5168],[6.0512,49.5189],[6.0519,49.5204],[6.0511,49.5206],[6.0513,49.522],[6.054,49.5222],[6.0532,49.5242],[6.054,49.5249],[6.0567,49.5265],[6.0579,49.5275],[6.062,49.5289],[6.0625,49.5321],[6.0616,49.5336],[6.0606,49.5368],[6.059,49.539],[6.0586,49.5399],[6.0613,49.5422],[6.061,49.5428],[6.0595,49.5441],[6.0603,49.5444],[6.0604,49.5456],[6.0612,49.5477],[6.0612,49.5488],[6.0606,49.5517],[6.0578,49.5503],[6.0535,49.5491],[6.0518,49.5489],[6.0493,49.552],[6.0478,49.5529],[6.0473,49.5525],[6.0469,49.5521],[6.0463,49.55],[6.041,49.5478],[6.0415,49.5469],[6.0371,49.5453],[6.0372,49.5447],[6.0351,49.5439],[6.0354,49.5434],[6.0339,49.5426],[6.029,49.5412],[6.0293,49.5409],[6.0271,49.5393],[6.0235,49.5373],[6.0228,49.5363],[6.0219,49.5368],[6.0208,49.5363],[6.0172,49.5364],[6.0171,49.5366],[6.0132,49.5358],[6.0118,49.5361],[6.01,49.5371],[6.0092,49.538],[6.0079,49.5381],[6.0072,49.5387],[6.0063,49.5408],[6.0048,49.5403],[6.0012,49.5426],[5.9993,49.543],[5.9974,49.5429],[5.9971,49.544],[5.994,49.5436],[5.9928,49.5449],[5.9913,49.5457],[5.9896,49.5462],[5.9876,49.5461],[5.9853,49.5481],[5.9834,49.5502],[5.9812,49.5514],[5.9787,49.5521],[5.9744,49.5524],[5.9716,49.5522],[5.9691,49.5515],[5.9687,49.5506],[5.9695,49.5475],[5.9698,49.5459],[5.9677,49.546],[5.9652,49.5448],[5.9646,49.543],[5.9618,49.5423],[5.9597,49.5407],[5.9577,49.5397],[5.953,49.5342],[5.9541,49.5315],[5.9542,49.5302],[5.9571,49.5301],[5.9598,49.5304],[5.9612,49.5295],[5.9637,49.5296],[5.9657,49.5292],[5.9696,49.53],[5.9722,49.5302],[5.9717,49.5285],[5.9746,49.5275],[5.9757,49.5275],[5.9767,49.5258],[5.9762,49.5252],[5.9744,49.5248],[5.9751,49.5242],[5.9736,49.5231],[5.9744,49.5212],[5.976,49.5185],[5.9763,49.5172],[5.9701,49.5156],[5.9672,49.515],[5.9669,49.5144],[5.9681,49.5139],[5.9718,49.5128],[5.9742,49.5126],[5.9819,49.5116],[5.9839,49.5132],[5.9846,49.5141],[5.9865,49.5146],[5.9865,49.5138],[5.9917,49.5146],[5.9941,49.5154],[5.9981,49.5178],[5.9997,49.5186]]]},"properties":{"name":"Mondercange","slug":"mondercange"}},{"type":"Feature","geometry":{"type":"Polygon","coordinates":[[[6.0038,49.4862],[6.0039,49.4872],[6.0058,49.4864],[6.0069,49.4889],[6.0109,49.4918],[6.0126,49.4924],[6.0154,49.4941],[6.0183,49.4966],[6.0225,49.4977],[6.0255,49.4995],[6.0288,49.5012],[6.0324,49.502],[6.0349,49.5028],[6.0342,49.5037],[6.0356,49.5044],[6.0366,49.5061],[6.0392,49.5061],[6.0394,49.5047],[6.0399,49.5077],[6.0409,49.5104],[6.0412,49.512],[6.0388,49.5128],[6.0391,49.5133],[6.0383,49.5148],[6.0367,49.5153],[6.0354,49.5152],[6.0335,49.5158],[6.0327,49.5156],[6.031,49.5167],[6.0262,49.5174],[6.0251,49.5182],[6.0263,49.5188],[6.022,49.5217],[6.0209,49.5222],[6.0192,49.5237],[6.0158,49.5223],[6.0133,49.5197],[6.0107,49.5193],[6.0092,49.5193],[6.0071,49.5202],[6.0032,49.5212],[6.0014,49.5196],[5.9997,49.5186],[6.0015,49.5167],[6.0018,49.516],[5.999,49.5159],[5.9978,49.5149],[5.9988,49.5133],[5.9997,49.5108],[6.001,49.5107],[6.0013,49.5098],[5.9999,49.5087],[6.0005,49.5078],[5.9998,49.5066],[5.9983,49.5064],[5.9982,49.505],[5.9968,49.5043],[5.9976,49.5021],[5.9986,49.5005],[5.9956,49.4993],[5.9933,49.497],[5.994,49.4958],[5.9973,49.4956],[5.9981,49.4942],[5.9965,49.4935],[5.9992,49.4925],[6.0032,49.4927],[6.0031,49.4913],[6.002,49.4908],[5.9979,49.4897],[6.0032,49.4877],[6.0027,49.487],[6.0008,49.4866],[5.9975,49.4875],[5.9966,49.4858],[5.9969,49.4849],[5.9988,49.484],[5.9999,49.4839],[6.0008,49.4853],[6.0017,49.4859],[6.0038,49.4862]]]},"properties":{"name":"Schifflange","slug":"schifflange"}},{"type":"Feature","geometry":{"type":"Polygon","coordinates":[[[5.9931,49.4689],[5.9968,49.4672],[5.999,49.469],[5.9995,49.4698],[6.0034,49.472],[6.0028,49.4726],[6.0006,49.4734],[6.0023,49.475],[6.0055,49.4763],[6.0066,49.4751],[6.0086,49.4743],[6.0105,49.4741],[6.0105,49.4728],[6.0119,49.4721],[6.0135,49.4704],[6.0151,49.4703],[6.0175,49.4693],[6.02,49.4694],[6.0227,49.4691],[6.0243,49.4686],[6.0259,49.4672],[6.0273,49.4678],[6.0285,49.4673],[6.0301,49.467],[6.0323,49.4673],[6.035,49.4671],[6.0352,49.4667],[6.0372,49.4663],[6.0367,49.4637],[6.0386,49.463],[6.0403,49.4612],[6.0391,49.4605],[6.0378,49.4588],[6.039,49.4581],[6.0425,49.457],[6.042,49.4562],[6.0383,49.4563],[6.0379,49.455],[6.0395,49.4544],[6.0399,49.4538],[6.0387,49.4527],[6.0368,49.4526],[6.031,49.4529],[6.03,49.4517],[6.0325,49.4508],[6.0326,49.4495],[6.0343,49.4493],[6.0361,49.4487],[6.0382,49.4486],[6.0418,49.4479],[6.0447,49.4524],[6.0457,49.4533],[6.0469,49.4556],[6.0495,49.4587],[6.0499,49.4597],[6.0486,49.4605],[6.0475,49.4617],[6.048,49.4632],[6.0499,49.4653],[6.0506,49.4665],[6.0525,49.4675],[6.0523,49.4695],[6.0533,49.4713],[6.0545,49.476],[6.0573,49.4772],[6.0584,49.4779],[6.0584,49.4786],[6.0536,49.4795],[6.0512,49.481],[6.0536,49.4819],[6.0556,49.483],[6.0566,49.4839],[6.0556,49.4843],[6.0586,49.4872],[6.0612,49.4873],[6.0606,49.4887],[6.0567,49.4898],[6.0575,49.4907],[6.0588,49.4913],[6.0566,49.4939],[6.059,49.4946],[6.0543,49.4972],[6.0567,49.499],[6.0583,49.4985],[6.0588,49.4993],[6.061,49.4986],[6.0616,49.5002],[6.0582,49.5005],[6.0588,49.5016],[6.0583,49.5024],[6.0568,49.5035],[6.0583,49.5052],[6.0568,49.5059],[6.0562,49.5053],[6.054,49.5063],[6.0519,49.5065],[6.0515,49.5058],[6.05,49.5045],[6.0472,49.5038],[6.0445,49.5041],[6.041,49.5042],[6.0394,49.5047],[6.0392,49.5061],[6.0366,49.5061],[6.0356,49.5044],[6.0342,49.5037],[6.0349,49.5028],[6.0324,49.502],[6.0288,49.5012],[6.0255,49.4995],[6.0225,49.4977],[6.0183,49.4966],[6.0154,49.4941],[6.0126,49.4924],[6.0109,49.4918],[6.0069,49.4889],[6.0058,49.4864],[6.0039,49.4872],[6.0038,49.4862],[6.0043,49.4856],[6.0051,49.4837],[6.0045,49.4824],[6.0027,49.4811],[6.001,49.4791],[6.0014,49.478],[6.0006,49.4759],[5.9992,49.475],[5.9959,49.4743],[5.9963,49.4738],[5.9949,49.4731],[5.9957,49.4721],[5.9973,49.4711],[5.9948,49.47],[5.9931,49.4689]]]},"properties":{"name":"Kayl","slug":"kayl"}},{"type":"Feature","geometry":{"type":"Polygon","coordinates":[[[6.0499,49.4597],[6.0531,49.4639],[6.0545,49.4646],[6.0572,49.4654],[6.0581,49.4664],[6.0611,49.4654],[6.0637,49.465],[6.0663,49.4648],[6.0696,49.465],[6.072,49.4656],[6.0734,49.4646],[6.0737,49.4636],[6.0792,49.4639],[6.0794,49.4626],[6.08,49.4614],[6.08,49.4605],[6.0807,49.4585],[6.0822,49.458],[6.0846,49.4567],[6.0856,49.4557],[6.0869,49.455],[6.0904,49.4543],[6.0921,49.4543],[6.0923,49.4531],[6.0953,49.4534],[6.0998,49.4531],[6.1009,49.4535],[6.1016,49.4543],[6.1008,49.457],[6.101,49.4579],[6.0999,49.459],[6.0998,49.4598],[6.0988,49.4606],[6.0991,49.4622],[6.0981,49.4635],[6.0982,49.4643],[6.0998,49.4661],[6.0998,49.4675],[6.1016,49.469],[6.1026,49.4694],[6.102,49.4704],[6.1047,49.4713],[6.106,49.4714],[6.1095,49.4725],[6.1114,49.4725],[6.1138,49.4706],[6.1178,49.4714],[6.1221,49.4727],[6.1234,49.4735],[6.1226,49.4752],[6.123,49.4765],[6.1244,49.4775],[6.1254,49.4795],[6.1275,49.4823],[6.1268,49.49],[6.1275,49.4914],[6.128,49.4939],[6.1243,49.4953],[6.12,49.4979],[6.1162,49.4997],[6.1146,49.5017],[6.1108,49.5014],[6.1091,49.5035],[6.1094,49.5036],[6.1078,49.5057],[6.107,49.5071],[6.1043,49.507],[6.0994,49.5061],[6.0997,49.5052],[6.0973,49.5049],[6.0964,49.504],[6.0966,49.5029],[6.0957,49.5026],[6.0948,49.5006],[6.0931,49.4997],[6.0896,49.5018],[6.0888,49.5027],[6.0869,49.5035],[6.0772,49.5048],[6.0771,49.5055],[6.0729,49.5057],[6.0725,49.504],[6.0726,49.5011],[6.0718,49.501],[6.0714,49.4992],[6.0708,49.4983],[6.0689,49.4998],[6.0678,49.5002],[6.0664,49.5],[6.0616,49.5002],[6.061,49.4986],[6.0588,49.4993],[6.0583,49.4985],[6.0567,49.499],[6.0543,49.4972],[6.059,49.4946],[6.0566,49.4939],[6.0588,49.4913],[6.0575,49.4907],[6.0567,49.4898],[6.0606,49.4887],[6.0612,49.4873],[6.0586,49.4872],[6.0556,49.4843],[6.0566,49.4839],[6.0556,49.483],[6.0536,49.4819],[6.0512,49.481],[6.0536,49.4795],[6.0584,49.4786],[6.0584,49.4779],[6.0573,49.4772],[6.0545,49.476],[6.0533,49.4713],[6.0523,49.4695],[6.0525,49.4675],[6.0506,49.4665],[6.0499,49.4653],[6.048,49.4632],[6.0475,49.4617],[6.0486,49.4605],[6.0499,49.4597]]]},"properties":{"name":"Dudelange","slug":"dudelange"}},{"type":"Feature","geometry":{"type":"Polygon","coordinates":[[[6.1555,49.5211],[6.1547,49.5213],[6.153,49.5198],[6.1547,49.5182],[6.1517,49.5167],[6.1488,49.5176],[6.1468,49.5166],[6.1449,49.5163],[6.1458,49.5147],[6.1412,49.5134],[6.1411,49.5122],[6.1384,49.5124],[6.136,49.5125],[6.133,49.5109],[6.1333,49.5098],[6.1301,49.5092],[6.1315,49.5084],[6.1322,49.5057],[6.1302,49.5054],[6.1309,49.5034],[6.135,49.4994],[6.1366,49.497],[6.1369,49.4943],[6.1403,49.4952],[6.1415,49.4934],[6.1418,49.4917],[6.1416,49.4906],[6.1408,49.4883],[6.1408,49.4867],[6.1422,49.4869],[6.1447,49.4879],[6.1486,49.4901],[6.1504,49.4909],[6.1531,49.4917],[6.1528,49.4927],[6.1559,49.4934],[6.1573,49.4915],[6.1594,49.4918],[6.1618,49.4927],[6.1625,49.4935],[6.1594,49.496],[6.1575,49.4967],[6.1563,49.498],[6.1539,49.5016],[6.1555,49.5028],[6.156,49.5037],[6.1571,49.5042],[6.1585,49.504],[6.1617,49.5049],[6.1619,49.5041],[6.1634,49.5045],[6.1653,49.5055],[6.168,49.5064],[6.172,49.5081],[6.175,49.5103],[6.1769,49.51],[6.1766,49.5086],[6.1783,49.507],[6.1803,49.5073],[6.1808,49.508],[6.1836,49.5076],[6.1872,49.5068],[6.1884,49.5064],[6.1914,49.506],[6.1952,49.5064],[6.1958,49.5054],[6.2007,49.5066],[6.2029,49.507],[6.2074,49.5063],[6.2094,49.5062],[6.2145,49.5063],[6.2172,49.5069],[6.2168,49.5088],[6.2171,49.5098],[6.2184,49.5094],[6.2199,49.5095],[6.22,49.5088],[6.2246,49.5095],[6.2276,49.5104],[6.2283,49.5095],[6.2319,49.5094],[6.2331,49.5092],[6.2362,49.5082],[6.2387,49.512],[6.239,49.5135],[6.2405,49.5143],[6.2407,49.5149],[6.2406,49.515],[6.2386,49.5166],[6.2373,49.517],[6.2351,49.5166],[6.2347,49.5175],[6.2355,49.5178],[6.238,49.5219],[6.2395,49.5247],[6.2378,49.526],[6.236,49.527],[6.2353,49.528],[6.2397,49.5304],[6.2368,49.5333],[6.2354,49.5332],[6.2337,49.5337],[6.2322,49.5351],[6.2308,49.5377],[6.2288,49.5376],[6.2288,49.5385],[6.2279,49.5378],[6.2259,49.5375],[6.2261,49.537],[6.2212,49.5368],[6.2204,49.5387],[6.2215,49.5396],[6.2213,49.5401],[6.2174,49.5408],[6.2158,49.5385],[6.2165,49.5365],[6.2162,49.5355],[6.2151,49.5346],[6.2152,49.5332],[6.2119,49.533],[6.2098,49.532],[6.2073,49.5325],[6.2052,49.5304],[6.2037,49.5307],[6.2021,49.5287],[6.201,49.5278],[6.2024,49.5269],[6.2006,49.5265],[6.2001,49.5268],[6.197,49.5262],[6.1971,49.5258],[6.1945,49.5256],[6.193,49.5264],[6.1908,49.5261],[6.1891,49.5255],[6.1889,49.5262],[6.187,49.5256],[6.185,49.5278],[6.1798,49.5262],[6.1803,49.5252],[6.177,49.5248],[6.1743,49.5242],[6.1723,49.5227],[6.1716,49.5218],[6.1721,49.5171],[6.1698,49.517],[6.1652,49.5174],[6.1626,49.5173],[6.1615,49.5176],[6.1608,49.5184],[6.1595,49.5187],[6.1575,49.5202],[6.1555,49.5211]]]},"properties":{"name":"Frisange","slug":"frisange"}},{"type":"Feature","geometry":{"type":"Polygon","coordinates":[[[6.0612,49.5477],[6.0645,49.5489],[6.0667,49.5493],[6.0689,49.5494],[6.0704,49.5506],[6.072,49.5508],[6.0761,49.5508],[6.0794,49.5502],[6.0817,49.5507],[6.084,49.5515],[6.0846,49.552],[6.0879,49.553],[6.0869,49.5545],[6.0885,49.5562],[6.0882,49.5567],[6.0887,49.5579],[6.0903,49.5595],[6.0917,49.5596],[6.0925,49.5618],[6.0939,49.5632],[6.0999,49.5646],[6.1018,49.5647],[6.1017,49.5651],[6.0996,49.5665],[6.1019,49.5683],[6.1036,49.5692],[6.1043,49.5701],[6.1028,49.571],[6.1002,49.5716],[6.0994,49.5712],[6.0982,49.5715],[6.0952,49.575],[6.094,49.5756],[6.0941,49.5774],[6.0935,49.5786],[6.0868,49.5766],[6.0849,49.5762],[6.0832,49.5771],[6.0811,49.5777],[6.0794,49.5774],[6.0792,49.5791],[6.0782,49.5804],[6.0781,49.5813],[6.0793,49.5852],[6.0764,49.5871],[6.0768,49.5875],[6.0762,49.5894],[6.073,49.5893],[6.071,49.5877],[6.0699,49.5887],[6.0694,49.5898],[6.0643,49.5885],[6.0599,49.5877],[6.0574,49.5876],[6.0519,49.5866],[6.0488,49.5857],[6.0466,49.5848],[6.0457,49.583],[6.0449,49.5797],[6.0466,49.5794],[6.049,49.5799],[6.0492,49.5786],[6.0482,49.5777],[6.049,49.5763],[6.048,49.5756],[6.049,49.5749],[6.0476,49.5746],[6.0488,49.5716],[6.0484,49.5708],[6.0467,49.5697],[6.0455,49.5704],[6.0436,49.5696],[6.0404,49.5704],[6.0396,49.5703],[6.0374,49.5693],[6.0385,49.5668],[6.0383,49.5664],[6.0404,49.5661],[6.0399,49.5652],[6.0383,49.5639],[6.0409,49.5615],[6.042,49.5613],[6.0424,49.56],[6.042,49.5591],[6.0426,49.5575],[6.0464,49.553],[6.0473,49.5525],[6.0478,49.5529],[6.0493,49.552],[6.0518,49.5489],[6.0535,49.5491],[6.0578,49.5503],[6.0606,49.5517],[6.0612,49.5488],[6.0612,49.5477]]]},"properties":{"name":"Leudelange","slug":"leudelange"}},{"type":"Feature","geometry":{"type":"Polygon","coordinates":[[[6.0473,49.5525],[6.0464,49.553],[6.0426,49.5575],[6.042,49.5591],[6.0424,49.56],[6.042,49.5613],[6.0409,49.5615],[6.0383,49.5639],[6.0399,49.5652],[6.0404,49.5661],[6.0383,49.5664],[6.0385,49.5668],[6.0374,49.5693],[6.0396,49.5703],[6.0404,49.5704],[6.0436,49.5696],[6.0455,49.5704],[6.0467,49.5697],[6.0484,49.5708],[6.0488,49.5716],[6.0476,49.5746],[6.049,49.5749],[6.048,49.5756],[6.049,49.5763],[6.0482,49.5777],[6.0492,49.5786],[6.049,49.5799],[6.0466,49.5794],[6.0449,49.5797],[6.0457,49.583],[6.0466,49.5848],[6.0441,49.5848],[6.0418,49.5843],[6.04,49.5844],[6.0411,49.5854],[6.0408,49.5863],[6.0399,49.5867],[6.0375,49.5859],[6.0324,49.5857],[6.0327,49.5841],[6.0337,49.5825],[6.0282,49.5818],[6.0268,49.5847],[6.0241,49.5841],[6.0227,49.5834],[6.0199,49.5833],[6.0144,49.5817],[6.0134,49.5808],[6.0095,49.5798],[6.0076,49.5788],[6.0054,49.5774],[6.0056,49.5769],[6.0037,49.576],[6.0014,49.5741],[6.0005,49.5724],[5.998,49.5716],[5.9995,49.5703],[5.9964,49.5687],[5.9942,49.5691],[5.9945,49.5668],[5.9927,49.5649],[5.9913,49.5653],[5.988,49.5648],[5.986,49.5643],[5.9832,49.5629],[5.9827,49.5633],[5.9808,49.5626],[5.9799,49.5641],[5.98,49.5647],[5.9786,49.566],[5.9796,49.5665],[5.9775,49.5678],[5.9753,49.5683],[5.9727,49.5672],[5.9705,49.5684],[5.9711,49.5703],[5.9697,49.5706],[5.9669,49.5705],[5.9611,49.5681],[5.963,49.5645],[5.9656,49.5605],[5.9648,49.5598],[5.9631,49.5563],[5.9619,49.5545],[5.9611,49.554],[5.9616,49.5533],[5.9611,49.5517],[5.9608,49.5482],[5.9611,49.5457],[5.9622,49.5464],[5.9656,49.5468],[5.9676,49.5474],[5.9695,49.5475],[5.9687,49.5506],[5.9691,49.5515],[5.9716,49.5522],[5.9744,49.5524],[5.9787,49.5521],[5.9812,49.5514],[5.9834,49.5502],[5.9853,49.5481],[5.9876,49.5461],[5.9896,49.5462],[5.9913,49.5457],[5.9928,49.5449],[5.994,49.5436],[5.9971,49.544],[5.9974,49.5429],[5.9993,49.543],[6.0012,49.5426],[6.0048,49.5403],[6.0063,49.5408],[6.0072,49.5387],[6.0079,49.5381],[6.0092,49.538],[6.01,49.5371],[6.0118,49.5361],[6.0132,49.5358],[6.0171,49.5366],[6.0172,49.5364],[6.0208,49.5363],[6.0219,49.5368],[6.0228,49.5363],[6.0235,49.5373],[6.0271,49.5393],[6.0293,49.5409],[6.029,49.5412],[6.0339,49.5426],[6.0354,49.5434],[6.0351,49.5439],[6.0372,49.5447],[6.0371,49.5453],[6.0415,49.5469],[6.041,49.5478],[6.0463,49.55],[6.0469,49.5521],[6.0473,49.5525]]]},"properties":{"name":"Reckange-sur-Mess","slug":"reckange-sur-mess"}},{"type":"Feature","geometry":{"type":"MultiPolygon","coordinates":[[[[5.9669,49.5144],[5.9672,49.515],[5.9701,49.5156],[5.9763,49.5172],[5.976,49.5185],[5.9744,49.5212],[5.9736,49.5231],[5.9751,49.5242],[5.9744,49.5248],[5.9762,49.5252],[5.9767,49.5258],[5.9757,49.5275],[5.9746,49.5275],[5.9717,49.5285],[5.9722,49.5302],[5.9696,49.53],[5.9657,49.5292],[5.9637,49.5296],[5.9612,49.5295],[5.9598,49.5304],[5.9571,49.5301],[5.9542,49.5302],[5.9541,49.5315],[5.953,49.5342],[5.9577,49.5397],[5.9597,49.5407],[5.9618,49.5423],[5.9646,49.543],[5.9652,49.5448],[5.9677,49.546],[5.9698,49.5459],[5.9695,49.5475],[5.9676,49.5474],[5.9656,49.5468],[5.9622,49.5464],[5.9611,49.5457],[5.9608,49.5482],[5.9611,49.5517],[5.9616,49.5533],[5.9611,49.554],[5.9619,49.5545],[5.9631,49.5563],[5.9648,49.5598],[5.9656,49.5605],[5.963,49.5645],[5.9611,49.5681],[5.9616,49.5689],[5.9593,49.5694],[5.9579,49.5688],[5.9562,49.5674],[5.9548,49.5654],[5.9546,49.5637],[5.9529,49.562],[5.9512,49.5616],[5.9512,49.5611],[5.9494,49.5598],[5.9483,49.5597],[5.9474,49.5609],[5.9459,49.5612],[5.943,49.5622],[5.9418,49.5618],[5.9402,49.5621],[5.9379,49.5619],[5.937,49.5615],[5.9377,49.5595],[5.9317,49.5571],[5.9282,49.5563],[5.9245,49.5553],[5.9204,49.555],[5.9166,49.5539],[5.916,49.5544],[5.9127,49.5541],[5.9117,49.5539],[5.9088,49.5524],[5.906,49.552],[5.9048,49.5522],[5.9024,49.5502],[5.9007,49.5494],[5.8985,49.5471],[5.9051,49.5473],[5.9069,49.5475],[5.9076,49.547],[5.9122,49.5467],[5.9132,49.5456],[5.9101,49.5455],[5.9062,49.5441],[5.9055,49.5431],[5.9065,49.5417],[5.9077,49.5415],[5.9093,49.5419],[5.9106,49.5418],[5.9099,49.5407],[5.9121,49.5398],[5.9148,49.5369],[5.9134,49.5353],[5.9152,49.5338],[5.9104,49.5308],[5.9079,49.5307],[5.9073,49.53],[5.9076,49.5293],[5.9069,49.5286],[5.9063,49.5266],[5.9071,49.5241],[5.9081,49.523],[5.9129,49.523],[5.9148,49.5232],[5.9148,49.5221],[5.9156,49.5212],[5.9143,49.5192],[5.9157,49.5178],[5.9162,49.5158],[5.916,49.5137],[5.9146,49.511],[5.9147,49.5097],[5.9137,49.5082],[5.9129,49.5078],[5.911,49.5078],[5.9101,49.5082],[5.907,49.5067],[5.9049,49.5064],[5.9085,49.5056],[5.9096,49.5051],[5.9087,49.5043],[5.9063,49.5037],[5.9044,49.5036],[5.9019,49.5022],[5.9053,49.5007],[5.9073,49.5001],[5.9074,49.5015],[5.912,49.502],[5.9133,49.502],[5.9158,49.5014],[5.9175,49.5008],[5.92,49.5002],[5.9206,49.501],[5.9219,49.5007],[5.9242,49.4993],[5.9275,49.4984],[5.9306,49.5006],[5.9324,49.4996],[5.9341,49.5006],[5.9349,49.5002],[5.936,49.5009],[5.9401,49.501],[5.9414,49.5006],[5.9427,49.5015],[5.9426,49.5028],[5.9432,49.5035],[5.9453,49.5046],[5.9481,49.5052],[5.9506,49.5065],[5.952,49.5067],[5.9515,49.5085],[5.9487,49.5083],[5.9467,49.5087],[5.947,49.5101],[5.9498,49.5117],[5.9517,49.5118],[5.953,49.5108],[5.9563,49.5108],[5.9565,49.5118],[5.9585,49.5121],[5.9631,49.5123],[5.9666,49.5129],[5.9659,49.5137],[5.9669,49.5144]]],[[[5.9432,49.5002],[5.942,49.4984],[5.943,49.4959],[5.9445,49.4956],[5.9434,49.4974],[5.9462,49.4976],[5.9459,49.4996],[5.9432,49.5002]]]]},"properties":{"name":"Sanem","slug":"sanem"}},{"type":"Feature","geometry":{"type":"Polygon","coordinates":[[[5.8985,49.5471],[5.8901,49.5462],[5.8877,49.5464],[5.8853,49.547],[5.8829,49.5472],[5.8814,49.5462],[5.878,49.546],[5.8748,49.5442],[5.8765,49.5431],[5.8762,49.542],[5.8742,49.5418],[5.8703,49.5419],[5.8699,49.5417],[5.871,49.5396],[5.8728,49.5389],[5.8714,49.5379],[5.8679,49.5395],[5.8676,49.5389],[5.8647,49.5376],[5.8649,49.537],[5.8638,49.5355],[5.865,49.5339],[5.8635,49.534],[5.862,49.5346],[5.8596,49.535],[5.8564,49.5353],[5.8535,49.5322],[5.8512,49.5312],[5.8501,49.5301],[5.8463,49.5292],[5.8458,49.5299],[5.843,49.5295],[5.8408,49.5288],[5.8383,49.5278],[5.8351,49.5272],[5.8341,49.5264],[5.8344,49.5256],[5.8347,49.5229],[5.8358,49.5227],[5.8362,49.5213],[5.8361,49.5199],[5.8381,49.5195],[5.8398,49.5185],[5.8398,49.5179],[5.8412,49.5169],[5.8432,49.5165],[5.8441,49.5158],[5.8454,49.5157],[5.8484,49.5146],[5.8492,49.5127],[5.8489,49.5104],[5.8497,49.509],[5.8532,49.5071],[5.8562,49.5066],[5.8589,49.5059],[5.8597,49.5042],[5.862,49.5032],[5.8625,49.5019],[5.8663,49.4999],[5.8672,49.4999],[5.8693,49.4993],[5.8719,49.5003],[5.8725,49.4991],[5.8733,49.4985],[5.877,49.4984],[5.8818,49.4992],[5.8851,49.4988],[5.887,49.4983],[5.8885,49.4971],[5.8901,49.4967],[5.8933,49.4968],[5.8948,49.4966],[5.8975,49.4968],[5.9006,49.4976],[5.9033,49.4981],[5.9041,49.4987],[5.9073,49.5001],[5.9053,49.5007],[5.9019,49.5022],[5.9044,49.5036],[5.9063,49.5037],[5.9087,49.5043],[5.9096,49.5051],[5.9085,49.5056],[5.9049,49.5064],[5.907,49.5067],[5.9101,49.5082],[5.911,49.5078],[5.9129,49.5078],[5.9137,49.5082],[5.9147,49.5097],[5.9146,49.511],[5.916,49.5137],[5.9162,49.5158],[5.9157,49.5178],[5.9143,49.5192],[5.9156,49.5212],[5.9148,49.5221],[5.9148,49.5232],[5.9129,49.523],[5.9081,49.523],[5.9071,49.5241],[5.9063,49.5266],[5.9069,49.5286],[5.9076,49.5293],[5.9073,49.53],[5.9079,49.5307],[5.9104,49.5308],[5.9152,49.5338],[5.9134,49.5353],[5.9148,49.5369],[5.9121,49.5398],[5.9099,49.5407],[5.9106,49.5418],[5.9093,49.5419],[5.9077,49.5415],[5.9065,49.5417],[5.9055,49.5431],[5.9062,49.5441],[5.9101,49.5455],[5.9132,49.5456],[5.9122,49.5467],[5.9076,49.547],[5.9069,49.5475],[5.9051,49.5473],[5.8985,49.5471]]]},"properties":{"name":"Differdange","slug":"differdange"}},{"type":"Feature","geometry":{"type":"Polygon","coordinates":[[[5.8853,49.547],[5.8856,49.5481],[5.8855,49.5496],[5.885,49.5502],[5.8866,49.5533],[5.8861,49.5544],[5.8873,49.5562],[5.8874,49.5572],[5.8858,49.5587],[5.8853,49.5595],[5.8858,49.5609],[5.8857,49.5621],[5.8833,49.5622],[5.8821,49.5616],[5.8783,49.561],[5.8777,49.56],[5.8751,49.5598],[5.8741,49.5612],[5.8751,49.5614],[5.8741,49.5635],[5.8713,49.5657],[5.8708,49.5672],[5.8692,49.569],[5.8653,49.5717],[5.8632,49.5705],[5.8612,49.5708],[5.8604,49.5698],[5.861,49.5684],[5.8611,49.567],[5.8599,49.5665],[5.8554,49.566],[5.8538,49.5652],[5.8522,49.5653],[5.8502,49.5632],[5.8476,49.5622],[5.8465,49.5621],[5.8451,49.5611],[5.8436,49.5607],[5.8437,49.5601],[5.8452,49.5593],[5.8463,49.5577],[5.8461,49.5563],[5.8449,49.5561],[5.8435,49.5552],[5.8436,49.5544],[5.8421,49.5539],[5.8418,49.5531],[5.8382,49.5529],[5.8357,49.5525],[5.8311,49.5508],[5.8298,49.5507],[5.828,49.55],[5.826,49.5522],[5.8241,49.5513],[5.8225,49.5496],[5.8217,49.5499],[5.8202,49.5493],[5.8201,49.5476],[5.819,49.5471],[5.8179,49.5457],[5.8142,49.5445],[5.8106,49.5435],[5.8081,49.5426],[5.8086,49.5409],[5.8119,49.542],[5.8133,49.5416],[5.8143,49.5401],[5.8154,49.5392],[5.816,49.5375],[5.8172,49.537],[5.8216,49.5381],[5.8227,49.538],[5.8244,49.5392],[5.828,49.5401],[5.829,49.5407],[5.8315,49.5412],[5.8351,49.5423],[5.8371,49.5426],[5.8392,49.5373],[5.8434,49.5329],[5.8458,49.5299],[5.8463,49.5292],[5.8501,49.5301],[5.8512,49.5312],[5.8535,49.5322],[5.8564,49.5353],[5.8596,49.535],[5.862,49.5346],[5.8635,49.534],[5.865,49.5339],[5.8638,49.5355],[5.8649,49.537],[5.8647,49.5376],[5.8676,49.5389],[5.8679,49.5395],[5.8714,49.5379],[5.8728,49.5389],[5.871,49.5396],[5.8699,49.5417],[5.8703,49.5419],[5.8742,49.5418],[5.8762,49.542],[5.8765,49.5431],[5.8748,49.5442],[5.878,49.546],[5.8814,49.5462],[5.8829,49.5472],[5.8853,49.547]]]},"properties":{"name":"Pétange","slug":"petange"}},{"type":"Feature","geometry":{"type":"Polygon","coordinates":[[[6.1018,49.5647],[6.1034,49.5653],[6.1043,49.566],[6.1071,49.5668],[6.1091,49.5665],[6.1089,49.5648],[6.1082,49.5621],[6.1137,49.561],[6.1157,49.561],[6.1163,49.5623],[6.1193,49.5653],[6.1177,49.565],[6.1174,49.5661],[6.1155,49.5681],[6.1202,49.5686],[6.1214,49.5693],[6.1236,49.5698],[6.1257,49.5707],[6.1235,49.5731],[6.1227,49.5744],[6.1198,49.5742],[6.1202,49.5752],[6.1218,49.5764],[6.1234,49.5784],[6.124,49.5803],[6.1255,49.5814],[6.1273,49.5822],[6.1291,49.5803],[6.1304,49.5794],[6.1329,49.5829],[6.1341,49.5823],[6.135,49.5838],[6.1359,49.5839],[6.136,49.5858],[6.137,49.5868],[6.139,49.5881],[6.1419,49.5891],[6.1422,49.5885],[6.145,49.5899],[6.1465,49.5888],[6.1501,49.5909],[6.149,49.5919],[6.1508,49.592],[6.1537,49.5937],[6.1531,49.5951],[6.1607,49.6014],[6.1664,49.6045],[6.1675,49.6052],[6.1713,49.6068],[6.1728,49.6068],[6.1761,49.6077],[6.1776,49.6075],[6.1794,49.607],[6.1818,49.6071],[6.1846,49.6083],[6.1871,49.6077],[6.1886,49.6055],[6.1906,49.6047],[6.192,49.6049],[6.1936,49.6061],[6.1959,49.6071],[6.1982,49.6087],[6.2018,49.6106],[6.2023,49.6127],[6.2036,49.6131],[6.2033,49.6138],[6.2013,49.614],[6.1996,49.6145],[6.1988,49.616],[6.1974,49.6169],[6.1952,49.6173],[6.1941,49.6178],[6.1912,49.618],[6.1911,49.619],[6.1898,49.619],[6.1896,49.6211],[6.1864,49.6212],[6.1853,49.6215],[6.1903,49.6228],[6.1892,49.6257],[6.188,49.6252],[6.1837,49.6241],[6.183,49.6245],[6.1807,49.624],[6.1805,49.6232],[6.1783,49.6243],[6.1795,49.6249],[6.1795,49.6262],[6.1817,49.6276],[6.1811,49.6289],[6.1825,49.6295],[6.1833,49.6311],[6.1852,49.6319],[6.1849,49.6329],[6.182,49.6351],[6.1828,49.6356],[6.1827,49.6365],[6.1805,49.6363],[6.1792,49.637],[6.1739,49.6373],[6.1726,49.6377],[6.1707,49.6379],[6.169,49.6377],[6.1652,49.6388],[6.1634,49.6383],[6.1618,49.6384],[6.1605,49.6382],[6.159,49.6384],[6.1551,49.6379],[6.1525,49.6369],[6.1511,49.6368],[6.1466,49.6351],[6.1446,49.6339],[6.1444,49.6349],[6.147,49.6367],[6.1488,49.6374],[6.1532,49.6386],[6.1541,49.6391],[6.1569,49.6395],[6.1582,49.6399],[6.1625,49.6405],[6.1643,49.6406],[6.1632,49.6416],[6.1642,49.6435],[6.1652,49.6447],[6.1636,49.6439],[6.1626,49.6422],[6.1535,49.6413],[6.1528,49.642],[6.1502,49.6414],[6.1492,49.6419],[6.1508,49.6427],[6.1516,49.6434],[6.157,49.6462],[6.1575,49.6469],[6.1589,49.6474],[6.1587,49.6479],[6.1597,49.6489],[6.1594,49.6494],[6.1605,49.6504],[6.1611,49.6529],[6.1597,49.6549],[6.1573,49.6539],[6.1579,49.6534],[6.1581,49.6523],[6.1544,49.6508],[6.1533,49.6505],[6.1502,49.6507],[6.1433,49.6492],[6.1407,49.6501],[6.1398,49.6509],[6.1347,49.6502],[6.1335,49.6503],[6.1288,49.6492],[6.1283,49.6493],[6.1239,49.6487],[6.1205,49.6481],[6.1183,49.6485],[6.1169,49.6502],[6.1132,49.6503],[6.1078,49.6488],[6.1059,49.6469],[6.1012,49.6463],[6.0939,49.646],[6.0878,49.6461],[6.0833,49.6464],[6.0797,49.6465],[6.0784,49.6468],[6.0779,49.6462],[6.0771,49.644],[6.0769,49.6416],[6.0754,49.6397],[6.0739,49.638],[6.0734,49.6369],[6.0716,49.635],[6.07,49.6337],[6.0692,49.632],[6.0694,49.6308],[6.0706,49.6289],[6.0729,49.6274],[6.0795,49.6287],[6.0826,49.6287],[6.0866,49.6283],[6.0887,49.6278],[6.0879,49.6271],[6.0895,49.626],[6.091,49.6254],[6.0893,49.6244],[6.0891,49.6232],[6.0923,49.6246],[6.0939,49.6247],[6.0957,49.6242],[6.0992,49.6242],[6.1012,49.6244],[6.1037,49.6251],[6.103,49.6237],[6.1013,49.623],[6.1015,49.6226],[6.0982,49.6202],[6.0958,49.6168],[6.0951,49.6152],[6.0933,49.6155],[6.0917,49.6133],[6.0907,49.6133],[6.0894,49.6116],[6.0891,49.6106],[6.0879,49.609],[6.0857,49.6073],[6.0824,49.6056],[6.0812,49.605],[6.081,49.6032],[6.0783,49.6032],[6.0785,49.6016],[6.077,49.6019],[6.0747,49.6011],[6.0756,49.6001],[6.0756,49.597],[6.0769,49.5968],[6.0778,49.5955],[6.0747,49.5933],[6.0731,49.5918],[6.0714,49.5907],[6.0694,49.5898],[6.0699,49.5887],[6.071,49.5877],[6.073,49.5893],[6.0762,49.5894],[6.0768,49.5875],[6.0764,49.5871],[6.0793,49.5852],[6.0781,49.5813],[6.0782,49.5804],[6.0792,49.5791],[6.0794,49.5774],[6.0811,49.5777],[6.0832,49.5771],[6.0849,49.5762],[6.0868,49.5766],[6.0935,49.5786],[6.0941,49.5774],[6.094,49.5756],[6.0952,49.575],[6.0982,49.5715],[6.0994,49.5712],[6.1002,49.5716],[6.1028,49.571],[6.1043,49.5701],[6.1036,49.5692],[6.1019,49.5683],[6.0996,49.5665],[6.1017,49.5651],[6.1018,49.5647]]]},"properties":{"name":"Luxembourg","slug":"luxembourg"}},{"type":"Feature","geometry":{"type":"Polygon","coordinates":[[[6.2406,49.515],[6.2426,49.5164],[6.2433,49.5181],[6.2428,49.519],[6.2439,49.5197],[6.2468,49.524],[6.2509,49.523],[6.253,49.5233],[6.2545,49.5213],[6.2576,49.5227],[6.2599,49.5241],[6.2592,49.5249],[6.2613,49.5258],[6.2642,49.5289],[6.2656,49.531],[6.265,49.5317],[6.2653,49.5331],[6.2673,49.5332],[6.2685,49.5337],[6.2702,49.5326],[6.2708,49.5318],[6.273,49.53],[6.2727,49.529],[6.2711,49.5281],[6.2715,49.5277],[6.2749,49.5293],[6.2793,49.5265],[6.282,49.5256],[6.2827,49.5259],[6.2848,49.5241],[6.2866,49.5247],[6.2867,49.5257],[6.292,49.5294],[6.2919,49.5309],[6.2957,49.531],[6.2948,49.532],[6.2947,49.5332],[6.2953,49.5338],[6.2981,49.5342],[6.3019,49.5344],[6.3018,49.5329],[6.3023,49.5318],[6.3042,49.5305],[6.3064,49.5304],[6.311,49.5317],[6.3108,49.5307],[6.3134,49.5297],[6.317,49.5278],[6.3201,49.5304],[6.3208,49.5306],[6.325,49.5309],[6.3229,49.5332],[6.3214,49.5336],[6.3201,49.5344],[6.3186,49.5347],[6.3161,49.5358],[6.3149,49.5372],[6.317,49.538],[6.3188,49.5382],[6.3169,49.5394],[6.3151,49.5397],[6.3101,49.5391],[6.3077,49.5395],[6.309,49.5403],[6.3078,49.5409],[6.3048,49.5397],[6.3039,49.539],[6.3022,49.5386],[6.3004,49.5387],[6.2982,49.5394],[6.2974,49.5408],[6.2975,49.5418],[6.2966,49.5435],[6.2951,49.5442],[6.2943,49.5454],[6.2927,49.5463],[6.2919,49.5482],[6.2884,49.5486],[6.288,49.5471],[6.2861,49.5473],[6.2844,49.5471],[6.2798,49.5453],[6.2751,49.5437],[6.2732,49.5434],[6.2716,49.5441],[6.2711,49.5455],[6.2695,49.5462],[6.2685,49.5459],[6.2683,49.547],[6.2708,49.5498],[6.2711,49.5517],[6.2691,49.555],[6.2691,49.5562],[6.2703,49.5564],[6.2707,49.5572],[6.2693,49.5579],[6.269,49.5592],[6.2699,49.5597],[6.2704,49.5612],[6.2689,49.5622],[6.2689,49.5645],[6.2642,49.5656],[6.2598,49.5676],[6.2558,49.5686],[6.2538,49.5686],[6.2488,49.5676],[6.2416,49.5677],[6.2404,49.5685],[6.2395,49.5697],[6.2366,49.5702],[6.2328,49.57],[6.2312,49.57],[6.2308,49.569],[6.2324,49.5679],[6.232,49.5676],[6.2335,49.5661],[6.2339,49.565],[6.2316,49.5626],[6.2324,49.562],[6.2331,49.5604],[6.2316,49.56],[6.231,49.5589],[6.2312,49.5577],[6.2341,49.5549],[6.2355,49.5542],[6.235,49.5533],[6.2333,49.554],[6.2303,49.553],[6.228,49.5549],[6.2266,49.5568],[6.2235,49.5562],[6.2192,49.555],[6.2206,49.552],[6.2222,49.5507],[6.2237,49.5498],[6.2248,49.5481],[6.2265,49.5474],[6.2253,49.547],[6.2275,49.5447],[6.2293,49.5454],[6.2304,49.5446],[6.2282,49.5433],[6.2294,49.5423],[6.2284,49.541],[6.2301,49.5403],[6.229,49.5394],[6.2288,49.5385],[6.2288,49.5376],[6.2308,49.5377],[6.2322,49.5351],[6.2337,49.5337],[6.2354,49.5332],[6.2368,49.5333],[6.2397,49.5304],[6.2353,49.528],[6.236,49.527],[6.2378,49.526],[6.2395,49.5247],[6.238,49.5219],[6.2355,49.5178],[6.2347,49.5175],[6.2351,49.5166],[6.2373,49.517],[6.2386,49.5166],[6.2406,49.515]]]},"properties":{"name":"Dalheim","slug":"dalheim"}},{"type":"Feature","geometry":{"type":"Polygon","coordinates":[[[6.2919,49.5482],[6.2935,49.5501],[6.2978,49.5522],[6.2985,49.5533],[6.3004,49.5544],[6.3038,49.5547],[6.3049,49.5557],[6.3085,49.5585],[6.3103,49.5602],[6.3106,49.561],[6.3092,49.5627],[6.3101,49.5631],[6.3085,49.564],[6.3104,49.5662],[6.3089,49.5671],[6.3079,49.5689],[6.3083,49.571],[6.3088,49.5715],[6.3076,49.5734],[6.3089,49.5752],[6.3084,49.5767],[6.3101,49.5781],[6.3126,49.5807],[6.3123,49.5816],[6.3086,49.5806],[6.3041,49.5811],[6.3018,49.5818],[6.3008,49.5826],[6.2969,49.5851],[6.2919,49.5866],[6.2912,49.5863],[6.2844,49.5865],[6.282,49.586],[6.2748,49.5847],[6.2711,49.5846],[6.2687,49.584],[6.2688,49.5833],[6.2672,49.5805],[6.2674,49.58],[6.2653,49.5782],[6.2625,49.5786],[6.2595,49.5788],[6.2582,49.5779],[6.2567,49.5756],[6.2554,49.5745],[6.2555,49.5722],[6.2564,49.571],[6.2575,49.5701],[6.2548,49.5693],[6.2538,49.5686],[6.2558,49.5686],[6.2598,49.5676],[6.2642,49.5656],[6.2689,49.5645],[6.2689,49.5622],[6.2704,49.5612],[6.2699,49.5597],[6.269,49.5592],[6.2693,49.5579],[6.2707,49.5572],[6.2703,49.5564],[6.2691,49.5562],[6.2691,49.555],[6.2711,49.5517],[6.2708,49.5498],[6.2683,49.547],[6.2685,49.5459],[6.2695,49.5462],[6.2711,49.5455],[6.2716,49.5441],[6.2732,49.5434],[6.2751,49.5437],[6.2798,49.5453],[6.2844,49.5471],[6.2861,49.5473],[6.288,49.5471],[6.2884,49.5486],[6.2919,49.5482]]]},"properties":{"name":"Waldbredimus","slug":"waldbredimus"}},{"type":"Feature","geometry":{"type":"Polygon","coordinates":[[[6.325,49.5309],[6.3274,49.5305],[6.3285,49.5322],[6.3303,49.533],[6.3322,49.5326],[6.3336,49.5335],[6.3351,49.5328],[6.3376,49.5333],[6.3388,49.5348],[6.3383,49.5351],[6.3383,49.5364],[6.3392,49.5382],[6.3402,49.5401],[6.3433,49.5425],[6.3431,49.5437],[6.3421,49.5473],[6.3448,49.5496],[6.3476,49.5524],[6.3488,49.5541],[6.3501,49.5533],[6.3512,49.5537],[6.3554,49.5556],[6.3511,49.559],[6.3505,49.5592],[6.3517,49.5614],[6.3521,49.5641],[6.3515,49.5653],[6.35,49.5668],[6.3495,49.5676],[6.3467,49.569],[6.3469,49.5709],[6.3442,49.5719],[6.3439,49.5725],[6.3441,49.5745],[6.3439,49.5756],[6.3447,49.5773],[6.3437,49.5787],[6.3439,49.5808],[6.3435,49.5824],[6.3403,49.5823],[6.3373,49.582],[6.3348,49.581],[6.3322,49.5803],[6.3304,49.5801],[6.3253,49.5794],[6.3213,49.5781],[6.319,49.5793],[6.3168,49.5798],[6.3153,49.5806],[6.315,49.5814],[6.3157,49.5828],[6.3135,49.5814],[6.3123,49.5816],[6.3126,49.5807],[6.3101,49.5781],[6.3084,49.5767],[6.3089,49.5752],[6.3076,49.5734],[6.3088,49.5715],[6.3083,49.571],[6.3079,49.5689],[6.3089,49.5671],[6.3104,49.5662],[6.3085,49.564],[6.3101,49.5631],[6.3092,49.5627],[6.3106,49.561],[6.3103,49.5602],[6.3085,49.5585],[6.3049,49.5557],[6.3038,49.5547],[6.3004,49.5544],[6.2985,49.5533],[6.2978,49.5522],[6.2935,49.5501],[6.2919,49.5482],[6.2927,49.5463],[6.2943,49.5454],[6.2951,49.5442],[6.2966,49.5435],[6.2975,49.5418],[6.2974,49.5408],[6.2982,49.5394],[6.3004,49.5387],[6.3022,49.5386],[6.3039,49.539],[6.3048,49.5397],[6.3078,49.5409],[6.309,49.5403],[6.3077,49.5395],[6.3101,49.5391],[6.3151,49.5397],[6.3169,49.5394],[6.3188,49.5382],[6.317,49.538],[6.3149,49.5372],[6.3161,49.5358],[6.3186,49.5347],[6.3201,49.5344],[6.3214,49.5336],[6.3229,49.5332],[6.325,49.5309]]]},"properties":{"name":"Bous","slug":"bous"}},{"type":"Feature","geometry":{"type":"Polygon","coordinates":[[[6.3554,49.5556],[6.3564,49.5555],[6.3628,49.5568],[6.3644,49.5588],[6.3666,49.5595],[6.3698,49.5598],[6.3722,49.5606],[6.3732,49.5606],[6.3755,49.5618],[6.366,49.5668],[6.3592,49.5703],[6.3575,49.5718],[6.3575,49.573],[6.3581,49.5738],[6.3598,49.5754],[6.3626,49.5769],[6.3659,49.5781],[6.3697,49.579],[6.3713,49.5789],[6.3745,49.5773],[6.3774,49.5764],[6.3811,49.5765],[6.3821,49.5772],[6.3828,49.5785],[6.3828,49.5805],[6.3814,49.5819],[6.3768,49.5848],[6.3756,49.586],[6.3747,49.5875],[6.3744,49.5898],[6.3719,49.5905],[6.3702,49.5894],[6.3696,49.5907],[6.3698,49.592],[6.3687,49.5927],[6.3662,49.5921],[6.3646,49.5926],[6.3652,49.5942],[6.3627,49.5945],[6.3604,49.5954],[6.3561,49.5934],[6.3545,49.5929],[6.3491,49.5942],[6.3459,49.5945],[6.3412,49.5946],[6.3375,49.5945],[6.3302,49.5945],[6.3271,49.5944],[6.3236,49.5932],[6.3152,49.5893],[6.3116,49.5869],[6.3124,49.5861],[6.3152,49.584],[6.3157,49.5828],[6.315,49.5814],[6.3153,49.5806],[6.3168,49.5798],[6.319,49.5793],[6.3213,49.5781],[6.3253,49.5794],[6.3304,49.5801],[6.3322,49.5803],[6.3348,49.581],[6.3373,49.582],[6.3403,49.5823],[6.3435,49.5824],[6.3439,49.5808],[6.3437,49.5787],[6.3447,49.5773],[6.3439,49.5756],[6.3441,49.5745],[6.3439,49.5725],[6.3442,49.5719],[6.3469,49.5709],[6.3467,49.569],[6.3495,49.5676],[6.35,49.5668],[6.3515,49.5653],[6.3521,49.5641],[6.3517,49.5614],[6.3505,49.5592],[6.3511,49.559],[6.3554,49.5556]]]},"properties":{"name":"Stadtbredimus","slug":"stadtbredimus"}},{"type":"Feature","geometry":{"type":"Polygon","coordinates":[[[5.8928,49.6286],[5.8952,49.6284],[5.8957,49.6275],[5.8973,49.6267],[5.8978,49.6259],[5.9008,49.6252],[5.9,49.622],[5.9014,49.6204],[5.9047,49.6186],[5.9017,49.6181],[5.9011,49.6173],[5.9033,49.6168],[5.9039,49.6169],[5.9056,49.6162],[5.9066,49.6137],[5.9065,49.6133],[5.907,49.6107],[5.9087,49.6087],[5.9078,49.6082],[5.9086,49.6072],[5.9103,49.6059],[5.9131,49.6043],[5.9146,49.6028],[5.9166,49.6024],[5.9179,49.6004],[5.9203,49.5979],[5.9205,49.5972],[5.9223,49.5968],[5.9272,49.5943],[5.9278,49.5934],[5.9275,49.592],[5.9305,49.5924],[5.9333,49.5912],[5.9357,49.5944],[5.9393,49.5967],[5.9438,49.5947],[5.9456,49.5936],[5.9486,49.5924],[5.95,49.5922],[5.9521,49.5914],[5.9527,49.5923],[5.9541,49.5917],[5.9565,49.5912],[5.9597,49.5928],[5.96,49.5925],[5.962,49.5931],[5.962,49.5948],[5.9633,49.5966],[5.9669,49.5978],[5.9688,49.5989],[5.9679,49.5993],[5.9681,49.6001],[5.9666,49.6013],[5.9655,49.6028],[5.9654,49.6039],[5.9644,49.6067],[5.9705,49.6089],[5.9709,49.6095],[5.9723,49.6101],[5.9716,49.6111],[5.9711,49.6134],[5.9712,49.6142],[5.9721,49.6156],[5.9718,49.6179],[5.972,49.619],[5.9717,49.6204],[5.9705,49.6227],[5.9698,49.6226],[5.9659,49.623],[5.9649,49.6249],[5.9659,49.6251],[5.965,49.627],[5.9656,49.6276],[5.966,49.6289],[5.9653,49.6303],[5.9667,49.6308],[5.9659,49.6325],[5.9647,49.6357],[5.9639,49.6371],[5.9627,49.6384],[5.9613,49.6407],[5.9606,49.6406],[5.9599,49.6416],[5.9574,49.6413],[5.955,49.6407],[5.9528,49.6389],[5.9513,49.638],[5.951,49.6369],[5.9488,49.6365],[5.9452,49.635],[5.9423,49.632],[5.9417,49.6306],[5.9396,49.6291],[5.9366,49.6303],[5.9358,49.6324],[5.9345,49.6342],[5.935,49.6352],[5.9338,49.6358],[5.9334,49.6375],[5.9317,49.6386],[5.9303,49.6379],[5.9294,49.6383],[5.9277,49.6378],[5.9262,49.6369],[5.9218,49.6353],[5.9207,49.637],[5.9185,49.6366],[5.9177,49.6378],[5.9153,49.6379],[5.9154,49.6384],[5.9118,49.6377],[5.9095,49.6378],[5.9084,49.6387],[5.9068,49.6386],[5.9061,49.6384],[5.9032,49.6362],[5.9038,49.6342],[5.9044,49.6335],[5.9042,49.6322],[5.9063,49.6321],[5.9082,49.6325],[5.9084,49.632],[5.9048,49.6313],[5.9027,49.6318],[5.9014,49.6318],[5.9007,49.6309],[5.8987,49.6305],[5.8948,49.6288],[5.8928,49.6286]]]},"properties":{"name":"Garnich","slug":"garnich"}},{"type":"Feature","geometry":{"type":"Polygon","coordinates":[[[6.2407,49.5149],[6.2417,49.5143],[6.2414,49.5126],[6.2418,49.5119],[6.243,49.5119],[6.2451,49.5115],[6.2464,49.5092],[6.2484,49.5085],[6.2525,49.509],[6.2539,49.5096],[6.2563,49.51],[6.257,49.5098],[6.2579,49.5077],[6.2589,49.5072],[6.2619,49.5071],[6.2628,49.5065],[6.2624,49.5049],[6.2633,49.504],[6.2667,49.504],[6.2685,49.5043],[6.2704,49.504],[6.2712,49.5046],[6.2741,49.5045],[6.2748,49.5037],[6.2799,49.5033],[6.2796,49.5027],[6.2805,49.5004],[6.2794,49.4987],[6.2795,49.4971],[6.2789,49.4964],[6.2799,49.4944],[6.2814,49.4939],[6.2819,49.4932],[6.2852,49.4931],[6.2864,49.4936],[6.2856,49.4948],[6.287,49.497],[6.2896,49.4961],[6.2912,49.4971],[6.2936,49.4958],[6.2943,49.4972],[6.2999,49.4952],[6.3009,49.4969],[6.3008,49.4986],[6.3,49.4998],[6.3004,49.5004],[6.2981,49.5014],[6.299,49.5026],[6.2975,49.5031],[6.2965,49.5039],[6.2978,49.5072],[6.2993,49.5086],[6.3019,49.5104],[6.3045,49.512],[6.306,49.5139],[6.3094,49.5162],[6.3118,49.5171],[6.323,49.5227],[6.3243,49.5236],[6.3232,49.524],[6.3232,49.5247],[6.3221,49.5256],[6.3186,49.526],[6.3163,49.5269],[6.317,49.5278],[6.3134,49.5297],[6.3108,49.5307],[6.311,49.5317],[6.3064,49.5304],[6.3042,49.5305],[6.3023,49.5318],[6.3018,49.5329],[6.3019,49.5344],[6.2981,49.5342],[6.2953,49.5338],[6.2947,49.5332],[6.2948,49.532],[6.2957,49.531],[6.2919,49.5309],[6.292,49.5294],[6.2867,49.5257],[6.2866,49.5247],[6.2848,49.5241],[6.2827,49.5259],[6.282,49.5256],[6.2793,49.5265],[6.2749,49.5293],[6.2715,49.5277],[6.2711,49.5281],[6.2727,49.529],[6.273,49.53],[6.2708,49.5318],[6.2702,49.5326],[6.2685,49.5337],[6.2673,49.5332],[6.2653,49.5331],[6.265,49.5317],[6.2656,49.531],[6.2642,49.5289],[6.2613,49.5258],[6.2592,49.5249],[6.2599,49.5241],[6.2576,49.5227],[6.2545,49.5213],[6.253,49.5233],[6.2509,49.523],[6.2468,49.524],[6.2439,49.5197],[6.2428,49.519],[6.2433,49.5181],[6.2426,49.5164],[6.2406,49.515],[6.2407,49.5149]]]},"properties":{"name":"Mondorf-les-Bains","slug":"mondorf-les-bains"}},{"type":"Feature","geometry":{"type":"MultiPolygon","coordinates":[[[[5.9032,49.6362],[5.8989,49.6344],[5.8976,49.6358],[5.8953,49.6363],[5.8923,49.6362],[5.8897,49.6354],[5.8869,49.635],[5.8865,49.634],[5.8839,49.633],[5.8827,49.6309],[5.8848,49.6298],[5.8868,49.6273],[5.8891,49.6286],[5.8894,49.629],[5.8911,49.6292],[5.8928,49.6286],[5.8948,49.6288],[5.8987,49.6305],[5.9007,49.6309],[5.9014,49.6318],[5.9027,49.6318],[5.9048,49.6313],[5.9084,49.632],[5.9082,49.6325],[5.9063,49.6321],[5.9042,49.6322],[5.9044,49.6335],[5.9038,49.6342],[5.9032,49.6362]]],[[[5.9599,49.6416],[5.9587,49.6428],[5.9566,49.6447],[5.9542,49.6464],[5.9483,49.6482],[5.9473,49.6486],[5.9441,49.6512],[5.9417,49.6538],[5.9405,49.6547],[5.9359,49.6573],[5.9322,49.6585],[5.9281,49.6592],[5.9285,49.6608],[5.9264,49.6633],[5.9246,49.6672],[5.9214,49.6711],[5.9177,49.6725],[5.9158,49.6733],[5.9129,49.6737],[5.9097,49.6754],[5.9074,49.6759],[5.9037,49.6762],[5.9036,49.6756],[5.8996,49.676],[5.8969,49.6757],[5.897,49.6745],[5.8965,49.6721],[5.8964,49.6702],[5.8956,49.6698],[5.8935,49.6696],[5.8923,49.669],[5.8915,49.6692],[5.8901,49.6703],[5.8903,49.6694],[5.8915,49.6686],[5.8921,49.6676],[5.8922,49.6665],[5.8937,49.6663],[5.8941,49.6678],[5.8958,49.6687],[5.8981,49.6664],[5.9,49.666],[5.9009,49.6667],[5.9007,49.6674],[5.9016,49.6681],[5.9025,49.668],[5.903,49.667],[5.9015,49.6663],[5.9017,49.6644],[5.9035,49.6642],[5.906,49.6656],[5.9078,49.6658],[5.9087,49.6655],[5.9106,49.6625],[5.9076,49.6621],[5.9049,49.6611],[5.9051,49.6607],[5.903,49.6576],[5.9046,49.6554],[5.9054,49.6548],[5.903,49.6538],[5.9022,49.6518],[5.9028,49.6514],[5.9024,49.6505],[5.9022,49.6489],[5.9027,49.6469],[5.9022,49.6459],[5.9041,49.6456],[5.9044,49.6415],[5.9055,49.6402],[5.9077,49.6391],[5.9068,49.6386],[5.9084,49.6387],[5.9095,49.6378],[5.9118,49.6377],[5.9154,49.6384],[5.9153,49.6379],[5.9177,49.6378],[5.9185,49.6366],[5.9207,49.637],[5.9218,49.6353],[5.9262,49.6369],[5.9277,49.6378],[5.9294,49.6383],[5.9303,49.6379],[5.9317,49.6386],[5.9334,49.6375],[5.9338,49.6358],[5.935,49.6352],[5.9345,49.6342],[5.9358,49.6324],[5.9366,49.6303],[5.9396,49.6291],[5.9417,49.6306],[5.9423,49.632],[5.9452,49.635],[5.9488,49.6365],[5.951,49.6369],[5.9513,49.638],[5.9528,49.6389],[5.955,49.6407],[5.9574,49.6413],[5.9599,49.6416]]]]},"properties":{"name":"Steinfort","slug":"steinfort"}},{"type":"Feature","geometry":{"type":"Polygon","coordinates":[[[5.9587,49.6428],[5.9629,49.6437],[5.9639,49.6438],[5.9633,49.6456],[5.9652,49.6463],[5.9669,49.6477],[5.9686,49.6477],[5.9702,49.6475],[5.9709,49.6478],[5.974,49.6482],[5.9746,49.648],[5.9776,49.6486],[5.9813,49.6504],[5.9831,49.6518],[5.9858,49.6529],[5.9866,49.653],[5.9879,49.6544],[5.9865,49.6574],[5.987,49.6581],[5.9893,49.66],[5.9904,49.6614],[5.9896,49.6629],[5.9924,49.6636],[5.9915,49.6651],[5.9947,49.6668],[5.9938,49.668],[5.9922,49.6685],[5.9912,49.6694],[5.9895,49.6716],[5.9883,49.6727],[5.9879,49.6737],[5.9895,49.674],[5.9924,49.6774],[5.9923,49.6788],[5.9951,49.6791],[5.9946,49.6797],[5.9943,49.6815],[5.9905,49.681],[5.9881,49.6805],[5.9873,49.6828],[5.9863,49.6841],[5.9887,49.6852],[5.987,49.6857],[5.9823,49.6878],[5.9809,49.6886],[5.9786,49.6902],[5.9776,49.6915],[5.9762,49.6926],[5.9724,49.6927],[5.9655,49.6913],[5.964,49.6914],[5.9631,49.6921],[5.9609,49.6917],[5.9604,49.6899],[5.9577,49.6881],[5.9564,49.6876],[5.9532,49.6878],[5.9515,49.6886],[5.9503,49.6895],[5.9492,49.6892],[5.9476,49.6874],[5.9456,49.6864],[5.9425,49.6857],[5.9425,49.685],[5.9411,49.6841],[5.9421,49.6832],[5.9422,49.6816],[5.9446,49.679],[5.9442,49.6785],[5.9433,49.6777],[5.9416,49.678],[5.9407,49.6793],[5.9387,49.6797],[5.9382,49.6804],[5.9371,49.6805],[5.9333,49.6795],[5.9314,49.6793],[5.9303,49.6795],[5.9274,49.6812],[5.9257,49.6791],[5.9238,49.678],[5.9231,49.6766],[5.9208,49.6753],[5.918,49.6739],[5.9177,49.6725],[5.9214,49.6711],[5.9246,49.6672],[5.9264,49.6633],[5.9285,49.6608],[5.9281,49.6592],[5.9322,49.6585],[5.9359,49.6573],[5.9405,49.6547],[5.9417,49.6538],[5.9441,49.6512],[5.9473,49.6486],[5.9483,49.6482],[5.9542,49.6464],[5.9566,49.6447],[5.9587,49.6428]]]},"properties":{"name":"Koerich","slug":"koerich"}},{"type":"Feature","geometry":{"type":"Polygon","coordinates":[[[5.9579,49.5688],[5.9571,49.5688],[5.9536,49.5677],[5.9527,49.5671],[5.951,49.5672],[5.9495,49.5688],[5.9468,49.5671],[5.9434,49.5657],[5.9433,49.5673],[5.9427,49.5706],[5.9419,49.5707],[5.941,49.5725],[5.9414,49.5734],[5.9396,49.5744],[5.9397,49.5767],[5.9395,49.578],[5.9382,49.58],[5.935,49.5824],[5.9338,49.5825],[5.9325,49.5837],[5.9313,49.5856],[5.93,49.587],[5.9315,49.5885],[5.9342,49.5909],[5.9333,49.5912],[5.9305,49.5924],[5.9275,49.592],[5.9278,49.5934],[5.9272,49.5943],[5.9223,49.5968],[5.9205,49.5972],[5.9203,49.5979],[5.9179,49.6004],[5.9166,49.6024],[5.9146,49.6028],[5.9131,49.6043],[5.9103,49.6059],[5.9086,49.6072],[5.9078,49.6082],[5.9087,49.6087],[5.907,49.6107],[5.9065,49.6133],[5.9066,49.6137],[5.9056,49.6162],[5.9039,49.6169],[5.9033,49.6168],[5.9011,49.6173],[5.9017,49.6181],[5.9047,49.6186],[5.9014,49.6204],[5.9,49.622],[5.9008,49.6252],[5.8978,49.6259],[5.8973,49.6267],[5.8957,49.6275],[5.8952,49.6284],[5.8928,49.6286],[5.8911,49.6292],[5.8894,49.629],[5.8891,49.6286],[5.8868,49.6273],[5.8844,49.6262],[5.8813,49.6243],[5.8767,49.6207],[5.8756,49.6189],[5.8759,49.6157],[5.8754,49.6146],[5.877,49.6133],[5.8772,49.6123],[5.8758,49.6111],[5.8766,49.6084],[5.8741,49.6075],[5.8725,49.6065],[5.8701,49.6058],[5.8658,49.6052],[5.865,49.6043],[5.8614,49.6024],[5.8558,49.5999],[5.8546,49.5997],[5.8514,49.5987],[5.8491,49.5977],[5.8488,49.5967],[5.8478,49.596],[5.8486,49.5945],[5.8484,49.5936],[5.8488,49.5904],[5.8502,49.5882],[5.8501,49.5869],[5.8533,49.587],[5.8567,49.5861],[5.8595,49.586],[5.862,49.5868],[5.8643,49.5865],[5.8663,49.5882],[5.8659,49.5884],[5.8678,49.5896],[5.8691,49.5887],[5.8698,49.5892],[5.8715,49.5877],[5.8716,49.5861],[5.8731,49.584],[5.8727,49.5832],[5.8699,49.5828],[5.866,49.5806],[5.869,49.5797],[5.8719,49.5796],[5.8711,49.5777],[5.8697,49.5768],[5.8724,49.5752],[5.8728,49.5743],[5.8702,49.5738],[5.8675,49.5731],[5.8653,49.5717],[5.8692,49.569],[5.8708,49.5672],[5.8713,49.5657],[5.8741,49.5635],[5.8751,49.5614],[5.8741,49.5612],[5.8751,49.5598],[5.8777,49.56],[5.8783,49.561],[5.8821,49.5616],[5.8833,49.5622],[5.8857,49.5621],[5.8858,49.5609],[5.8853,49.5595],[5.8858,49.5587],[5.8874,49.5572],[5.8873,49.5562],[5.8861,49.5544],[5.8866,49.5533],[5.885,49.5502],[5.8855,49.5496],[5.8856,49.5481],[5.8853,49.547],[5.8877,49.5464],[5.8901,49.5462],[5.8985,49.5471],[5.9007,49.5494],[5.9024,49.5502],[5.9048,49.5522],[5.906,49.552],[5.9088,49.5524],[5.9117,49.5539],[5.9127,49.5541],[5.916,49.5544],[5.9166,49.5539],[5.9204,49.555],[5.9245,49.5553],[5.9282,49.5563],[5.9317,49.5571],[5.9377,49.5595],[5.937,49.5615],[5.9379,49.5619],[5.9402,49.5621],[5.9418,49.5618],[5.943,49.5622],[5.9459,49.5612],[5.9474,49.5609],[5.9483,49.5597],[5.9494,49.5598],[5.9512,49.5611],[5.9512,49.5616],[5.9529,49.562],[5.9546,49.5637],[5.9548,49.5654],[5.9562,49.5674],[5.9579,49.5688]]]},"properties":{"name":"Käerjeng","slug":"kaerjeng"}},{"type":"Feature","geometry":{"type":"Polygon","coordinates":[[[6.0144,49.5817],[6.0146,49.5828],[6.0106,49.5823],[6.0102,49.5828],[6.0083,49.5827],[6.0082,49.5833],[6.0065,49.5843],[6.0078,49.5854],[6.0092,49.5858],[6.009,49.5865],[6.0055,49.5857],[6.0042,49.5852],[6.0034,49.5859],[6.0039,49.5872],[6.0077,49.588],[6.0077,49.5897],[6.0107,49.5913],[6.0109,49.5919],[6.009,49.5925],[6.0032,49.5931],[5.9984,49.5945],[5.9986,49.5967],[5.9991,49.5971],[5.9998,49.5988],[6.001,49.5996],[6.0048,49.6016],[6.0071,49.6039],[6.008,49.6043],[6.0086,49.6057],[6.0051,49.6062],[6.0074,49.6077],[6.0059,49.61],[6.0037,49.6104],[6.0019,49.6103],[5.9991,49.6085],[5.9982,49.607],[5.9957,49.6065],[5.9961,49.6056],[5.9922,49.6045],[5.992,49.6038],[5.9908,49.6029],[5.9905,49.6021],[5.9887,49.6019],[5.989,49.601],[5.9868,49.6003],[5.9808,49.6002],[5.9802,49.6014],[5.9771,49.6004],[5.9752,49.6009],[5.9731,49.5996],[5.9716,49.6006],[5.9705,49.5997],[5.9688,49.5989],[5.9669,49.5978],[5.9633,49.5966],[5.962,49.5948],[5.962,49.5931],[5.96,49.5925],[5.9597,49.5928],[5.9565,49.5912],[5.9541,49.5917],[5.9527,49.5923],[5.9521,49.5914],[5.95,49.5922],[5.9486,49.5924],[5.9456,49.5936],[5.9438,49.5947],[5.9393,49.5967],[5.9357,49.5944],[5.9333,49.5912],[5.9342,49.5909],[5.9315,49.5885],[5.93,49.587],[5.9313,49.5856],[5.9325,49.5837],[5.9338,49.5825],[5.935,49.5824],[5.9382,49.58],[5.9395,49.578],[5.9397,49.5767],[5.9396,49.5744],[5.9414,49.5734],[5.941,49.5725],[5.9419,49.5707],[5.9427,49.5706],[5.9433,49.5673],[5.9434,49.5657],[5.9468,49.5671],[5.9495,49.5688],[5.951,49.5672],[5.9527,49.5671],[5.9536,49.5677],[5.9571,49.5688],[5.9579,49.5688],[5.9593,49.5694],[5.9616,49.5689],[5.9611,49.5681],[5.9669,49.5705],[5.9697,49.5706],[5.9711,49.5703],[5.9705,49.5684],[5.9727,49.5672],[5.9753,49.5683],[5.9775,49.5678],[5.9796,49.5665],[5.9786,49.566],[5.98,49.5647],[5.9799,49.5641],[5.9808,49.5626],[5.9827,49.5633],[5.9832,49.5629],[5.986,49.5643],[5.988,49.5648],[5.9913,49.5653],[5.9927,49.5649],[5.9945,49.5668],[5.9942,49.5691],[5.9964,49.5687],[5.9995,49.5703],[5.998,49.5716],[6.0005,49.5724],[6.0014,49.5741],[6.0037,49.576],[6.0056,49.5769],[6.0054,49.5774],[6.0076,49.5788],[6.0095,49.5798],[6.0134,49.5808],[6.0144,49.5817]]]},"properties":{"name":"Dippach","slug":"dippach"}},{"type":"Feature","geometry":{"type":"Polygon","coordinates":[[[6.0412,49.512],[6.0409,49.5104],[6.0399,49.5077],[6.0394,49.5047],[6.041,49.5042],[6.0445,49.5041],[6.0472,49.5038],[6.05,49.5045],[6.0515,49.5058],[6.0519,49.5065],[6.054,49.5063],[6.0562,49.5053],[6.0568,49.5059],[6.0583,49.5052],[6.0568,49.5035],[6.0583,49.5024],[6.0588,49.5016],[6.0582,49.5005],[6.0616,49.5002],[6.0664,49.5],[6.0678,49.5002],[6.0689,49.4998],[6.0708,49.4983],[6.0714,49.4992],[6.0718,49.501],[6.0726,49.5011],[6.0725,49.504],[6.0729,49.5057],[6.0771,49.5055],[6.0772,49.5048],[6.0869,49.5035],[6.0888,49.5027],[6.0896,49.5018],[6.0931,49.4997],[6.0948,49.5006],[6.0957,49.5026],[6.0966,49.5029],[6.0964,49.504],[6.0973,49.5049],[6.0997,49.5052],[6.0994,49.5061],[6.1043,49.507],[6.107,49.5071],[6.1078,49.5057],[6.1094,49.5036],[6.1091,49.5035],[6.1108,49.5014],[6.1146,49.5017],[6.1162,49.4997],[6.12,49.4979],[6.1243,49.4953],[6.128,49.4939],[6.1281,49.4939],[6.1266,49.4975],[6.1266,49.4995],[6.127,49.5001],[6.1263,49.5016],[6.1259,49.5034],[6.1263,49.5043],[6.1255,49.5063],[6.128,49.5092],[6.1253,49.5137],[6.122,49.5178],[6.1184,49.52],[6.1171,49.5205],[6.1167,49.522],[6.1152,49.526],[6.1141,49.5256],[6.1134,49.5269],[6.1136,49.5279],[6.1091,49.5268],[6.1073,49.5261],[6.1058,49.5263],[6.1059,49.5278],[6.1046,49.528],[6.1033,49.5318],[6.102,49.5314],[6.1014,49.533],[6.0994,49.5351],[6.0995,49.5359],[6.0984,49.5374],[6.097,49.5385],[6.0981,49.5391],[6.0983,49.5402],[6.0972,49.5413],[6.0991,49.5417],[6.0974,49.5431],[6.0937,49.5445],[6.0905,49.547],[6.0886,49.5467],[6.0868,49.5499],[6.0866,49.5514],[6.0846,49.552],[6.084,49.5515],[6.0817,49.5507],[6.0794,49.5502],[6.0761,49.5508],[6.072,49.5508],[6.0704,49.5506],[6.0689,49.5494],[6.0667,49.5493],[6.0645,49.5489],[6.0612,49.5477],[6.0604,49.5456],[6.0603,49.5444],[6.0595,49.5441],[6.061,49.5428],[6.0613,49.5422],[6.0586,49.5399],[6.059,49.539],[6.0606,49.5368],[6.0616,49.5336],[6.0625,49.5321],[6.062,49.5289],[6.0579,49.5275],[6.0567,49.5265],[6.054,49.5249],[6.0532,49.5242],[6.054,49.5222],[6.0513,49.522],[6.0511,49.5206],[6.0519,49.5204],[6.0512,49.5189],[6.0537,49.5168],[6.0514,49.5158],[6.0511,49.5147],[6.0484,49.5138],[6.0476,49.5128],[6.0487,49.5115],[6.0462,49.5112],[6.0436,49.5119],[6.0412,49.512]]]},"properties":{"name":"Bettembourg","slug":"bettembourg"}},{"type":"Feature","geometry":{"type":"Polygon","coordinates":[[[6.1555,49.5211],[6.1566,49.5215],[6.1589,49.5237],[6.1609,49.5238],[6.1645,49.523],[6.1654,49.5233],[6.1662,49.5256],[6.1644,49.5272],[6.1614,49.5275],[6.1613,49.5286],[6.1599,49.5287],[6.1603,49.5272],[6.1573,49.5264],[6.1561,49.5263],[6.1555,49.5277],[6.1584,49.5288],[6.1596,49.5296],[6.1628,49.5301],[6.1627,49.5314],[6.1645,49.5319],[6.1662,49.5321],[6.1662,49.5328],[6.1682,49.5329],[6.1686,49.5333],[6.1708,49.5337],[6.1708,49.5351],[6.1736,49.5348],[6.1741,49.536],[6.1748,49.5364],[6.1765,49.536],[6.1742,49.5379],[6.1733,49.5384],[6.174,49.5401],[6.1734,49.5402],[6.1733,49.5427],[6.1716,49.5456],[6.1742,49.5469],[6.1731,49.5499],[6.1695,49.5499],[6.1647,49.5513],[6.166,49.5527],[6.1643,49.5534],[6.1627,49.5524],[6.1611,49.5538],[6.1605,49.5532],[6.1592,49.5536],[6.1605,49.5553],[6.1589,49.5558],[6.1569,49.5532],[6.155,49.5536],[6.1545,49.553],[6.1522,49.5538],[6.1502,49.5542],[6.1499,49.5535],[6.1461,49.5548],[6.1455,49.554],[6.1378,49.5558],[6.1331,49.5563],[6.1276,49.557],[6.1277,49.5579],[6.1243,49.5591],[6.1212,49.5598],[6.1168,49.5597],[6.1137,49.561],[6.1082,49.5621],[6.1089,49.5648],[6.1091,49.5665],[6.1071,49.5668],[6.1043,49.566],[6.1034,49.5653],[6.1018,49.5647],[6.0999,49.5646],[6.0939,49.5632],[6.0925,49.5618],[6.0917,49.5596],[6.0903,49.5595],[6.0887,49.5579],[6.0882,49.5567],[6.0885,49.5562],[6.0869,49.5545],[6.0879,49.553],[6.0846,49.552],[6.0866,49.5514],[6.0868,49.5499],[6.0886,49.5467],[6.0905,49.547],[6.0937,49.5445],[6.0974,49.5431],[6.0991,49.5417],[6.0972,49.5413],[6.0983,49.5402],[6.0981,49.5391],[6.097,49.5385],[6.0984,49.5374],[6.0995,49.5359],[6.0994,49.5351],[6.1014,49.533],[6.102,49.5314],[6.1033,49.5318],[6.1046,49.528],[6.1059,49.5278],[6.1058,49.5263],[6.1073,49.5261],[6.1091,49.5268],[6.1136,49.5279],[6.1134,49.5269],[6.1141,49.5256],[6.1152,49.526],[6.1167,49.522],[6.1171,49.5205],[6.1184,49.52],[6.122,49.5178],[6.1253,49.5137],[6.128,49.5092],[6.1255,49.5063],[6.1263,49.5043],[6.1259,49.5034],[6.1263,49.5016],[6.127,49.5001],[6.1266,49.4995],[6.1266,49.4975],[6.1281,49.4939],[6.1302,49.4926],[6.1318,49.4906],[6.1337,49.49],[6.1389,49.4913],[6.1418,49.4917],[6.1415,49.4934],[6.1403,49.4952],[6.1369,49.4943],[6.1366,49.497],[6.135,49.4994],[6.1309,49.5034],[6.1302,49.5054],[6.1322,49.5057],[6.1315,49.5084],[6.1301,49.5092],[6.1333,49.5098],[6.133,49.5109],[6.136,49.5125],[6.1384,49.5124],[6.1411,49.5122],[6.1412,49.5134],[6.1458,49.5147],[6.1449,49.5163],[6.1468,49.5166],[6.1488,49.5176],[6.1517,49.5167],[6.1547,49.5182],[6.153,49.5198],[6.1547,49.5213],[6.1555,49.5211]]]},"properties":{"name":"Roeser","slug":"roeser"}},{"type":"Feature","geometry":{"type":"Polygon","coordinates":[[[6.0909,49.6931],[6.0906,49.6949],[6.0902,49.6958],[6.091,49.6976],[6.0904,49.6987],[6.0868,49.6987],[6.086,49.6981],[6.0832,49.6968],[6.0821,49.6959],[6.081,49.6955],[6.0752,49.6943],[6.0729,49.6956],[6.0717,49.6966],[6.0728,49.6984],[6.072,49.6988],[6.0698,49.7015],[6.0693,49.7028],[6.0671,49.7035],[6.0628,49.7036],[6.0584,49.7028],[6.0594,49.7017],[6.0577,49.7011],[6.0588,49.6991],[6.0589,49.6975],[6.0559,49.6966],[6.0551,49.6977],[6.0543,49.6976],[6.0492,49.694],[6.0471,49.6936],[6.0467,49.6942],[6.0433,49.6938],[6.0371,49.6913],[6.0359,49.6921],[6.0378,49.6932],[6.0355,49.6955],[6.0332,49.6947],[6.0326,49.6961],[6.032,49.6963],[6.0297,49.6957],[6.0272,49.6963],[6.0257,49.6969],[6.0239,49.697],[6.0225,49.6959],[6.0228,49.6947],[6.0227,49.6931],[6.0223,49.6923],[6.0188,49.6897],[6.017,49.6901],[6.0093,49.6886],[6.0095,49.691],[6.0072,49.6904],[6.0046,49.6901],[6.0037,49.6903],[5.9975,49.6887],[5.9961,49.6877],[5.996,49.6864],[5.9944,49.6862],[5.9938,49.6877],[5.9926,49.6898],[5.9935,49.6905],[5.9943,49.692],[5.9936,49.6931],[5.9923,49.6939],[5.9911,49.694],[5.9881,49.6929],[5.986,49.6914],[5.9845,49.6908],[5.983,49.6894],[5.9809,49.6886],[5.9823,49.6878],[5.987,49.6857],[5.9887,49.6852],[5.9863,49.6841],[5.9873,49.6828],[5.9881,49.6805],[5.9905,49.681],[5.9943,49.6815],[5.9946,49.6797],[5.9951,49.6791],[5.9923,49.6788],[5.9924,49.6774],[5.9895,49.674],[5.9879,49.6737],[5.9883,49.6727],[5.9895,49.6716],[5.9912,49.6694],[5.9922,49.6685],[5.9938,49.668],[5.9947,49.6668],[5.9915,49.6651],[5.9924,49.6636],[5.9896,49.6629],[5.9904,49.6614],[5.9893,49.66],[5.987,49.6581],[5.9865,49.6574],[5.9879,49.6544],[5.9866,49.653],[5.9858,49.6529],[5.9831,49.6518],[5.9813,49.6504],[5.9776,49.6486],[5.9785,49.6476],[5.9803,49.6472],[5.981,49.6468],[5.9836,49.6475],[5.9871,49.6487],[5.9883,49.6481],[5.9886,49.6474],[5.9902,49.6469],[5.9901,49.6458],[5.9912,49.6451],[5.9974,49.6439],[5.9979,49.6463],[5.9995,49.6499],[5.9996,49.6509],[6.0008,49.651],[6.0037,49.652],[6.006,49.6526],[6.0093,49.6526],[6.0115,49.6523],[6.013,49.6529],[6.0143,49.6529],[6.0165,49.6542],[6.0195,49.6546],[6.0203,49.6551],[6.0235,49.6557],[6.0242,49.6555],[6.0247,49.653],[6.0258,49.6524],[6.0274,49.6504],[6.0279,49.6504],[6.0296,49.6529],[6.0309,49.6541],[6.0316,49.6539],[6.034,49.6549],[6.0354,49.6543],[6.0371,49.6543],[6.0387,49.6548],[6.0401,49.6549],[6.0447,49.6543],[6.0474,49.6532],[6.0502,49.6527],[6.0514,49.6527],[6.0536,49.6531],[6.0566,49.6533],[6.0601,49.653],[6.0606,49.6531],[6.063,49.6531],[6.0659,49.6546],[6.0679,49.6572],[6.0679,49.6576],[6.0633,49.6584],[6.0613,49.6592],[6.0562,49.6595],[6.0546,49.6598],[6.0535,49.6606],[6.0556,49.6613],[6.0564,49.6619],[6.0535,49.6637],[6.0543,49.6642],[6.0522,49.6653],[6.0527,49.6665],[6.0561,49.6707],[6.0574,49.6711],[6.057,49.6718],[6.0637,49.6734],[6.0646,49.6762],[6.065,49.6767],[6.0677,49.676],[6.0687,49.6771],[6.0672,49.6782],[6.0618,49.6805],[6.0649,49.6813],[6.0712,49.6787],[6.0741,49.6779],[6.0774,49.6766],[6.0787,49.6756],[6.0812,49.6753],[6.0827,49.6757],[6.0828,49.6767],[6.0852,49.6781],[6.087,49.6788],[6.0878,49.6795],[6.0887,49.682],[6.0901,49.6853],[6.0902,49.6865],[6.0908,49.688],[6.092,49.6886],[6.092,49.6905],[6.0908,49.6923],[6.0909,49.6931]]]},"properties":{"name":"Kehlen","slug":"kehlen"}},{"type":"Feature","geometry":{"type":"Polygon","coordinates":[[[6.1012,49.6463],[6.0981,49.6508],[6.0997,49.6518],[6.1007,49.6534],[6.1028,49.6558],[6.1042,49.6566],[6.1026,49.6597],[6.0993,49.6626],[6.0977,49.6643],[6.0973,49.6652],[6.0939,49.668],[6.098,49.6686],[6.0964,49.6694],[6.0942,49.6708],[6.0917,49.6716],[6.0887,49.6737],[6.0852,49.6739],[6.0822,49.6747],[6.0827,49.6757],[6.0812,49.6753],[6.0787,49.6756],[6.0774,49.6766],[6.0741,49.6779],[6.0712,49.6787],[6.0649,49.6813],[6.0618,49.6805],[6.0672,49.6782],[6.0687,49.6771],[6.0677,49.676],[6.065,49.6767],[6.0646,49.6762],[6.0637,49.6734],[6.057,49.6718],[6.0574,49.6711],[6.0561,49.6707],[6.0527,49.6665],[6.0522,49.6653],[6.0543,49.6642],[6.0535,49.6637],[6.0564,49.6619],[6.0556,49.6613],[6.0535,49.6606],[6.0546,49.6598],[6.0562,49.6595],[6.0613,49.6592],[6.0633,49.6584],[6.0679,49.6576],[6.0693,49.6583],[6.0713,49.6576],[6.073,49.6575],[6.0754,49.6558],[6.0768,49.653],[6.0791,49.6507],[6.0794,49.649],[6.0784,49.6468],[6.0797,49.6465],[6.0833,49.6464],[6.0878,49.6461],[6.0939,49.646],[6.1012,49.6463]]]},"properties":{"name":"Kopstal","slug":"kopstal"}},{"type":"Feature","geometry":{"type":"Polygon","coordinates":[[[5.9688,49.5989],[5.9705,49.5997],[5.9716,49.6006],[5.9731,49.5996],[5.9752,49.6009],[5.9771,49.6004],[5.9802,49.6014],[5.9808,49.6002],[5.9868,49.6003],[5.989,49.601],[5.9887,49.6019],[5.9905,49.6021],[5.9908,49.6029],[5.992,49.6038],[5.9922,49.6045],[5.9961,49.6056],[5.9957,49.6065],[5.9982,49.607],[5.9991,49.6085],[6.0019,49.6103],[6.0037,49.6104],[6.0059,49.61],[6.0074,49.6077],[6.0051,49.6062],[6.0086,49.6057],[6.008,49.6043],[6.0086,49.6043],[6.0095,49.6072],[6.0111,49.6078],[6.0127,49.6091],[6.0127,49.6101],[6.0141,49.6109],[6.0172,49.6098],[6.0219,49.6095],[6.0243,49.6097],[6.0286,49.6104],[6.0313,49.6103],[6.0336,49.6125],[6.0335,49.6147],[6.0346,49.6149],[6.034,49.6159],[6.0345,49.6187],[6.0361,49.6213],[6.0363,49.6228],[6.0377,49.6239],[6.0396,49.6246],[6.0411,49.6248],[6.0417,49.6262],[6.0427,49.6272],[6.0459,49.6285],[6.0479,49.6301],[6.0472,49.6326],[6.0459,49.6335],[6.0461,49.635],[6.0474,49.6359],[6.049,49.6376],[6.0488,49.6388],[6.0474,49.6396],[6.0466,49.6406],[6.0488,49.6425],[6.0515,49.6437],[6.0532,49.6441],[6.0533,49.6449],[6.0548,49.6453],[6.0541,49.6465],[6.0549,49.6477],[6.0577,49.6487],[6.058,49.6504],[6.059,49.652],[6.0598,49.6521],[6.0606,49.6531],[6.0601,49.653],[6.0566,49.6533],[6.0536,49.6531],[6.0514,49.6527],[6.0502,49.6527],[6.0474,49.6532],[6.0447,49.6543],[6.0401,49.6549],[6.0387,49.6548],[6.0371,49.6543],[6.0354,49.6543],[6.034,49.6549],[6.0316,49.6539],[6.0309,49.6541],[6.0296,49.6529],[6.0279,49.6504],[6.0274,49.6504],[6.0258,49.6524],[6.0247,49.653],[6.0242,49.6555],[6.0235,49.6557],[6.0203,49.6551],[6.0195,49.6546],[6.0165,49.6542],[6.0143,49.6529],[6.013,49.6529],[6.0115,49.6523],[6.0093,49.6526],[6.006,49.6526],[6.0037,49.652],[6.0008,49.651],[5.9996,49.6509],[5.9995,49.6499],[5.9979,49.6463],[5.9974,49.6439],[5.9912,49.6451],[5.9901,49.6458],[5.9902,49.6469],[5.9886,49.6474],[5.9883,49.6481],[5.9871,49.6487],[5.9836,49.6475],[5.981,49.6468],[5.9803,49.6472],[5.9785,49.6476],[5.9776,49.6486],[5.9746,49.648],[5.974,49.6482],[5.9709,49.6478],[5.9702,49.6475],[5.9686,49.6477],[5.9669,49.6477],[5.9652,49.6463],[5.9633,49.6456],[5.9639,49.6438],[5.9629,49.6437],[5.9587,49.6428],[5.9599,49.6416],[5.9606,49.6406],[5.9613,49.6407],[5.9627,49.6384],[5.9639,49.6371],[5.9647,49.6357],[5.9659,49.6325],[5.9667,49.6308],[5.9653,49.6303],[5.966,49.6289],[5.9656,49.6276],[5.965,49.627],[5.9659,49.6251],[5.9649,49.6249],[5.9659,49.623],[5.9698,49.6226],[5.9705,49.6227],[5.9717,49.6204],[5.972,49.619],[5.9718,49.6179],[5.9721,49.6156],[5.9712,49.6142],[5.9711,49.6134],[5.9716,49.6111],[5.9723,49.6101],[5.9709,49.6095],[5.9705,49.6089],[5.9644,49.6067],[5.9654,49.6039],[5.9655,49.6028],[5.9666,49.6013],[5.9681,49.6001],[5.9679,49.5993],[5.9688,49.5989]]]},"properties":{"name":"Mamer","slug":"mamer"}},{"type":"Feature","geometry":{"type":"Polygon","coordinates":[[[6.0784,49.6468],[6.0794,49.649],[6.0791,49.6507],[6.0768,49.653],[6.0754,49.6558],[6.073,49.6575],[6.0713,49.6576],[6.0693,49.6583],[6.0679,49.6576],[6.0679,49.6572],[6.0659,49.6546],[6.063,49.6531],[6.0606,49.6531],[6.0598,49.6521],[6.059,49.652],[6.058,49.6504],[6.0577,49.6487],[6.0549,49.6477],[6.0541,49.6465],[6.0548,49.6453],[6.0533,49.6449],[6.0532,49.6441],[6.0515,49.6437],[6.0488,49.6425],[6.0466,49.6406],[6.0474,49.6396],[6.0488,49.6388],[6.049,49.6376],[6.0474,49.6359],[6.0461,49.635],[6.0459,49.6335],[6.0472,49.6326],[6.0479,49.6301],[6.0459,49.6285],[6.0463,49.6278],[6.0479,49.6268],[6.0507,49.6258],[6.0501,49.6249],[6.0521,49.6241],[6.0514,49.6222],[6.0522,49.622],[6.0522,49.6206],[6.0528,49.6201],[6.0545,49.62],[6.0543,49.6177],[6.0595,49.6184],[6.0631,49.6186],[6.0626,49.6153],[6.0618,49.6133],[6.064,49.6133],[6.0691,49.6123],[6.0694,49.6128],[6.0726,49.6115],[6.0742,49.6121],[6.0761,49.6108],[6.0781,49.6113],[6.0802,49.6091],[6.0781,49.608],[6.0792,49.6078],[6.0824,49.6056],[6.0857,49.6073],[6.0879,49.609],[6.0891,49.6106],[6.0894,49.6116],[6.0907,49.6133],[6.0917,49.6133],[6.0933,49.6155],[6.0951,49.6152],[6.0958,49.6168],[6.0982,49.6202],[6.1015,49.6226],[6.1013,49.623],[6.103,49.6237],[6.1037,49.6251],[6.1012,49.6244],[6.0992,49.6242],[6.0957,49.6242],[6.0939,49.6247],[6.0923,49.6246],[6.0891,49.6232],[6.0893,49.6244],[6.091,49.6254],[6.0895,49.626],[6.0879,49.6271],[6.0887,49.6278],[6.0866,49.6283],[6.0826,49.6287],[6.0795,49.6287],[6.0729,49.6274],[6.0706,49.6289],[6.0694,49.6308],[6.0692,49.632],[6.07,49.6337],[6.0716,49.635],[6.0734,49.6369],[6.0739,49.638],[6.0754,49.6397],[6.0769,49.6416],[6.0771,49.644],[6.0779,49.6462],[6.0784,49.6468]]]},"properties":{"name":"Strassen","slug":"strassen"}},{"type":"Feature","geometry":{"type":"Polygon","coordinates":[[[6.0694,49.5898],[6.0714,49.5907],[6.0731,49.5918],[6.0747,49.5933],[6.0778,49.5955],[6.0769,49.5968],[6.0756,49.597],[6.0756,49.6001],[6.0747,49.6011],[6.077,49.6019],[6.0785,49.6016],[6.0783,49.6032],[6.081,49.6032],[6.0812,49.605],[6.0824,49.6056],[6.0792,49.6078],[6.0781,49.608],[6.0802,49.6091],[6.0781,49.6113],[6.0761,49.6108],[6.0742,49.6121],[6.0726,49.6115],[6.0694,49.6128],[6.0691,49.6123],[6.064,49.6133],[6.0618,49.6133],[6.0626,49.6153],[6.0631,49.6186],[6.0595,49.6184],[6.0543,49.6177],[6.0545,49.62],[6.0528,49.6201],[6.0522,49.6206],[6.0522,49.622],[6.0514,49.6222],[6.0521,49.6241],[6.0501,49.6249],[6.0507,49.6258],[6.0479,49.6268],[6.0463,49.6278],[6.0459,49.6285],[6.0427,49.6272],[6.0417,49.6262],[6.0411,49.6248],[6.0396,49.6246],[6.0377,49.6239],[6.0363,49.6228],[6.0361,49.6213],[6.0345,49.6187],[6.034,49.6159],[6.0346,49.6149],[6.0335,49.6147],[6.0336,49.6125],[6.0313,49.6103],[6.0286,49.6104],[6.0243,49.6097],[6.0219,49.6095],[6.0172,49.6098],[6.0141,49.6109],[6.0127,49.6101],[6.0127,49.6091],[6.0111,49.6078],[6.0095,49.6072],[6.0086,49.6043],[6.008,49.6043],[6.0071,49.6039],[6.0048,49.6016],[6.001,49.5996],[5.9998,49.5988],[5.9991,49.5971],[5.9986,49.5967],[5.9984,49.5945],[6.0032,49.5931],[6.009,49.5925],[6.0109,49.5919],[6.0107,49.5913],[6.0077,49.5897],[6.0077,49.588],[6.0039,49.5872],[6.0034,49.5859],[6.0042,49.5852],[6.0055,49.5857],[6.009,49.5865],[6.0092,49.5858],[6.0078,49.5854],[6.0065,49.5843],[6.0082,49.5833],[6.0083,49.5827],[6.0102,49.5828],[6.0106,49.5823],[6.0146,49.5828],[6.0144,49.5817],[6.0199,49.5833],[6.0227,49.5834],[6.0241,49.5841],[6.0268,49.5847],[6.0282,49.5818],[6.0337,49.5825],[6.0327,49.5841],[6.0324,49.5857],[6.0375,49.5859],[6.0399,49.5867],[6.0408,49.5863],[6.0411,49.5854],[6.04,49.5844],[6.0418,49.5843],[6.0441,49.5848],[6.0466,49.5848],[6.0488,49.5857],[6.0519,49.5866],[6.0574,49.5876],[6.0599,49.5877],[6.0643,49.5885],[6.0694,49.5898]]]},"properties":{"name":"Bertrange","slug":"bertrange"}},{"type":"Feature","geometry":{"type":"Polygon","coordinates":[[[6.1137,49.561],[6.1168,49.5597],[6.1212,49.5598],[6.1243,49.5591],[6.1277,49.5579],[6.1276,49.557],[6.1331,49.5563],[6.1378,49.5558],[6.1455,49.554],[6.1461,49.5548],[6.1499,49.5535],[6.1502,49.5542],[6.1522,49.5538],[6.1545,49.553],[6.155,49.5536],[6.1569,49.5532],[6.1589,49.5558],[6.1605,49.5553],[6.1592,49.5536],[6.1605,49.5532],[6.1611,49.5538],[6.1627,49.5524],[6.1643,49.5534],[6.166,49.5527],[6.1647,49.5513],[6.1695,49.5499],[6.1731,49.5499],[6.1754,49.5493],[6.1772,49.5481],[6.1816,49.549],[6.1825,49.5503],[6.1849,49.5514],[6.1834,49.5534],[6.1841,49.5539],[6.1806,49.5578],[6.1804,49.5589],[6.1844,49.5601],[6.1864,49.561],[6.1872,49.5604],[6.1909,49.5598],[6.193,49.5585],[6.1938,49.5587],[6.196,49.5605],[6.1961,49.5613],[6.1951,49.5636],[6.1965,49.5646],[6.2017,49.567],[6.2025,49.5686],[6.2028,49.5703],[6.2022,49.5714],[6.2019,49.5733],[6.201,49.5747],[6.2029,49.5755],[6.2018,49.5771],[6.1993,49.5785],[6.2013,49.5804],[6.2004,49.5808],[6.1995,49.5802],[6.1983,49.581],[6.1954,49.5823],[6.1955,49.5828],[6.2001,49.5836],[6.2,49.5843],[6.2023,49.5844],[6.2019,49.5854],[6.1997,49.5871],[6.1998,49.5889],[6.1979,49.5893],[6.1979,49.5903],[6.2012,49.5912],[6.2015,49.592],[6.2043,49.5937],[6.2047,49.5944],[6.2091,49.5976],[6.2099,49.5996],[6.2081,49.6001],[6.209,49.6026],[6.2089,49.6035],[6.2061,49.6058],[6.2051,49.6063],[6.1977,49.604],[6.1935,49.6043],[6.192,49.6049],[6.1906,49.6047],[6.1886,49.6055],[6.1871,49.6077],[6.1846,49.6083],[6.1818,49.6071],[6.1794,49.607],[6.1776,49.6075],[6.1761,49.6077],[6.1728,49.6068],[6.1713,49.6068],[6.1675,49.6052],[6.1664,49.6045],[6.1607,49.6014],[6.1531,49.5951],[6.1537,49.5937],[6.1508,49.592],[6.149,49.5919],[6.1501,49.5909],[6.1465,49.5888],[6.145,49.5899],[6.1422,49.5885],[6.1419,49.5891],[6.139,49.5881],[6.137,49.5868],[6.136,49.5858],[6.1359,49.5839],[6.135,49.5838],[6.1341,49.5823],[6.1329,49.5829],[6.1304,49.5794],[6.1291,49.5803],[6.1273,49.5822],[6.1255,49.5814],[6.124,49.5803],[6.1234,49.5784],[6.1218,49.5764],[6.1202,49.5752],[6.1198,49.5742],[6.1227,49.5744],[6.1235,49.5731],[6.1257,49.5707],[6.1236,49.5698],[6.1214,49.5693],[6.1202,49.5686],[6.1155,49.5681],[6.1174,49.5661],[6.1177,49.565],[6.1193,49.5653],[6.1163,49.5623],[6.1157,49.561],[6.1137,49.561]]]},"properties":{"name":"Hesperange","slug":"hesperange"}},{"type":"Feature","geometry":{"type":"Polygon","coordinates":[[[6.2288,49.5385],[6.229,49.5394],[6.2301,49.5403],[6.2284,49.541],[6.2294,49.5423],[6.2282,49.5433],[6.2304,49.5446],[6.2293,49.5454],[6.2275,49.5447],[6.2253,49.547],[6.2265,49.5474],[6.2248,49.5481],[6.2237,49.5498],[6.2222,49.5507],[6.2206,49.552],[6.2192,49.555],[6.2235,49.5562],[6.2266,49.5568],[6.228,49.5549],[6.2303,49.553],[6.2333,49.554],[6.235,49.5533],[6.2355,49.5542],[6.2341,49.5549],[6.2312,49.5577],[6.231,49.5589],[6.2316,49.56],[6.2331,49.5604],[6.2324,49.562],[6.2316,49.5626],[6.2339,49.565],[6.2335,49.5661],[6.232,49.5676],[6.2324,49.5679],[6.2308,49.569],[6.2312,49.57],[6.2306,49.5701],[6.2284,49.569],[6.2262,49.5709],[6.2238,49.5734],[6.225,49.574],[6.2242,49.5746],[6.2227,49.5743],[6.2207,49.5731],[6.2174,49.5738],[6.2162,49.5732],[6.2145,49.573],[6.2116,49.5723],[6.2095,49.5744],[6.2078,49.5767],[6.2063,49.577],[6.205,49.5761],[6.2029,49.5755],[6.201,49.5747],[6.2019,49.5733],[6.2022,49.5714],[6.2028,49.5703],[6.2025,49.5686],[6.2017,49.567],[6.1965,49.5646],[6.1951,49.5636],[6.1961,49.5613],[6.196,49.5605],[6.1938,49.5587],[6.193,49.5585],[6.1909,49.5598],[6.1872,49.5604],[6.1864,49.561],[6.1844,49.5601],[6.1804,49.5589],[6.1806,49.5578],[6.1841,49.5539],[6.1834,49.5534],[6.1849,49.5514],[6.1825,49.5503],[6.1816,49.549],[6.1772,49.5481],[6.1754,49.5493],[6.1731,49.5499],[6.1742,49.5469],[6.1716,49.5456],[6.1733,49.5427],[6.1734,49.5402],[6.174,49.5401],[6.1733,49.5384],[6.1742,49.5379],[6.1765,49.536],[6.1748,49.5364],[6.1741,49.536],[6.1736,49.5348],[6.1708,49.5351],[6.1708,49.5337],[6.1686,49.5333],[6.1682,49.5329],[6.1662,49.5328],[6.1662,49.5321],[6.1645,49.5319],[6.1627,49.5314],[6.1628,49.5301],[6.1596,49.5296],[6.1584,49.5288],[6.1555,49.5277],[6.1561,49.5263],[6.1573,49.5264],[6.1603,49.5272],[6.1599,49.5287],[6.1613,49.5286],[6.1614,49.5275],[6.1644,49.5272],[6.1662,49.5256],[6.1654,49.5233],[6.1645,49.523],[6.1609,49.5238],[6.1589,49.5237],[6.1566,49.5215],[6.1555,49.5211],[6.1575,49.5202],[6.1595,49.5187],[6.1608,49.5184],[6.1615,49.5176],[6.1626,49.5173],[6.1652,49.5174],[6.1698,49.517],[6.1721,49.5171],[6.1716,49.5218],[6.1723,49.5227],[6.1743,49.5242],[6.177,49.5248],[6.1803,49.5252],[6.1798,49.5262],[6.185,49.5278],[6.187,49.5256],[6.1889,49.5262],[6.1891,49.5255],[6.1908,49.5261],[6.193,49.5264],[6.1945,49.5256],[6.1971,49.5258],[6.197,49.5262],[6.2001,49.5268],[6.2006,49.5265],[6.2024,49.5269],[6.201,49.5278],[6.2021,49.5287],[6.2037,49.5307],[6.2052,49.5304],[6.2073,49.5325],[6.2098,49.532],[6.2119,49.533],[6.2152,49.5332],[6.2151,49.5346],[6.2162,49.5355],[6.2165,49.5365],[6.2158,49.5385],[6.2174,49.5408],[6.2213,49.5401],[6.2215,49.5396],[6.2204,49.5387],[6.2212,49.5368],[6.2261,49.537],[6.2259,49.5375],[6.2279,49.5378],[6.2288,49.5385]]]},"properties":{"name":"Weiler-la-Tour","slug":"weiler-la-tour"}},{"type":"Feature","geometry":{"type":"Polygon","coordinates":[[[6.192,49.6049],[6.1935,49.6043],[6.1977,49.604],[6.2051,49.6063],[6.2061,49.6058],[6.2089,49.6035],[6.209,49.6026],[6.2081,49.6001],[6.2099,49.5996],[6.211,49.6005],[6.2146,49.6027],[6.2202,49.6033],[6.224,49.6025],[6.2243,49.6032],[6.2261,49.6027],[6.2263,49.6021],[6.2292,49.6031],[6.2312,49.6041],[6.2312,49.6032],[6.2326,49.6034],[6.2338,49.6039],[6.2345,49.6031],[6.2355,49.6035],[6.236,49.6047],[6.2374,49.6061],[6.2362,49.6077],[6.2378,49.6092],[6.2388,49.6097],[6.2371,49.612],[6.2379,49.6136],[6.2391,49.6147],[6.2396,49.6156],[6.2398,49.6178],[6.2403,49.6186],[6.2374,49.6229],[6.2351,49.6219],[6.233,49.6218],[6.2323,49.6221],[6.231,49.6236],[6.2316,49.6243],[6.2305,49.6238],[6.2281,49.6242],[6.2243,49.6234],[6.2236,49.623],[6.2194,49.6234],[6.2177,49.6247],[6.2173,49.6257],[6.2159,49.6247],[6.2147,49.625],[6.212,49.6251],[6.2089,49.6263],[6.208,49.6269],[6.2081,49.6276],[6.2076,49.629],[6.2058,49.6298],[6.2085,49.6315],[6.2076,49.6322],[6.2065,49.6319],[6.2051,49.6322],[6.1993,49.6285],[6.1977,49.6287],[6.1958,49.6279],[6.1937,49.6275],[6.1931,49.6268],[6.1892,49.6257],[6.1903,49.6228],[6.1853,49.6215],[6.1864,49.6212],[6.1896,49.6211],[6.1898,49.619],[6.1911,49.619],[6.1912,49.618],[6.1941,49.6178],[6.1952,49.6173],[6.1974,49.6169],[6.1988,49.616],[6.1996,49.6145],[6.2013,49.614],[6.2033,49.6138],[6.2036,49.6131],[6.2023,49.6127],[6.2018,49.6106],[6.1982,49.6087],[6.1959,49.6071],[6.1936,49.6061],[6.192,49.6049]]]},"properties":{"name":"Sandweiler","slug":"sandweiler"}},{"type":"Feature","geometry":{"type":"Polygon","coordinates":[[[6.2538,49.5686],[6.2548,49.5693],[6.2575,49.5701],[6.2564,49.571],[6.2555,49.5722],[6.2554,49.5745],[6.2567,49.5756],[6.2582,49.5779],[6.2595,49.5788],[6.2625,49.5786],[6.2653,49.5782],[6.2674,49.58],[6.2672,49.5805],[6.2688,49.5833],[6.2687,49.584],[6.2711,49.5846],[6.2748,49.5847],[6.282,49.586],[6.2844,49.5865],[6.2912,49.5863],[6.2919,49.5866],[6.2969,49.5851],[6.3008,49.5826],[6.3024,49.5838],[6.3029,49.585],[6.3023,49.5867],[6.302,49.5888],[6.3013,49.5899],[6.3018,49.5905],[6.2997,49.5912],[6.2996,49.5931],[6.2967,49.5955],[6.2952,49.5982],[6.2919,49.5987],[6.2896,49.5998],[6.2885,49.6018],[6.2863,49.6018],[6.2849,49.6026],[6.2822,49.6028],[6.2798,49.6022],[6.2775,49.6021],[6.2754,49.6007],[6.2738,49.6013],[6.2761,49.6043],[6.2747,49.6048],[6.2698,49.6032],[6.268,49.6028],[6.2656,49.604],[6.2656,49.6045],[6.259,49.605],[6.2563,49.6047],[6.2544,49.6047],[6.2511,49.6056],[6.2459,49.6074],[6.2397,49.6101],[6.2388,49.6097],[6.2378,49.6092],[6.2362,49.6077],[6.2374,49.6061],[6.236,49.6047],[6.2355,49.6035],[6.2345,49.6031],[6.2338,49.6039],[6.2326,49.6034],[6.2312,49.6032],[6.2312,49.6041],[6.2292,49.6031],[6.2263,49.6021],[6.2261,49.6027],[6.2243,49.6032],[6.224,49.6025],[6.2202,49.6033],[6.2146,49.6027],[6.211,49.6005],[6.2099,49.5996],[6.2091,49.5976],[6.2047,49.5944],[6.2043,49.5937],[6.2015,49.592],[6.2012,49.5912],[6.1979,49.5903],[6.1979,49.5893],[6.1998,49.5889],[6.1997,49.5871],[6.2019,49.5854],[6.2023,49.5844],[6.2,49.5843],[6.2001,49.5836],[6.1955,49.5828],[6.1954,49.5823],[6.1983,49.581],[6.1995,49.5802],[6.2004,49.5808],[6.2013,49.5804],[6.1993,49.5785],[6.2018,49.5771],[6.2029,49.5755],[6.205,49.5761],[6.2063,49.577],[6.2078,49.5767],[6.2095,49.5744],[6.2116,49.5723],[6.2145,49.573],[6.2162,49.5732],[6.2174,49.5738],[6.2207,49.5731],[6.2227,49.5743],[6.2242,49.5746],[6.225,49.574],[6.2238,49.5734],[6.2262,49.5709],[6.2284,49.569],[6.2306,49.5701],[6.2312,49.57],[6.2328,49.57],[6.2366,49.5702],[6.2395,49.5697],[6.2404,49.5685],[6.2416,49.5677],[6.2488,49.5676],[6.2538,49.5686]]]},"properties":{"name":"Contern","slug":"contern"}},{"type":"Feature","geometry":{"type":"Polygon","coordinates":[[[6.2388,49.6097],[6.2397,49.6101],[6.2459,49.6074],[6.2511,49.6056],[6.2544,49.6047],[6.2563,49.6047],[6.259,49.605],[6.2656,49.6045],[6.2656,49.604],[6.268,49.6028],[6.2698,49.6032],[6.2747,49.6048],[6.2761,49.6043],[6.2784,49.606],[6.2799,49.6075],[6.289,49.6141],[6.2954,49.6191],[6.2995,49.6224],[6.3045,49.6261],[6.306,49.6269],[6.3097,49.6284],[6.3093,49.6287],[6.3086,49.631],[6.3074,49.633],[6.304,49.6347],[6.3032,49.6366],[6.3007,49.6372],[6.2956,49.6364],[6.2955,49.6383],[6.2939,49.638],[6.2927,49.6385],[6.2905,49.6404],[6.2901,49.6426],[6.2902,49.6441],[6.2898,49.6455],[6.2891,49.6465],[6.2895,49.6473],[6.2878,49.6465],[6.2845,49.6457],[6.2804,49.6444],[6.2798,49.6435],[6.2741,49.6448],[6.2718,49.6447],[6.2679,49.6429],[6.2635,49.6417],[6.2578,49.6397],[6.2567,49.6388],[6.2543,49.638],[6.2538,49.6386],[6.252,49.638],[6.2508,49.6369],[6.2506,49.636],[6.2477,49.6346],[6.2471,49.6332],[6.246,49.6334],[6.2461,49.6317],[6.2421,49.6309],[6.2426,49.6303],[6.242,49.6288],[6.2424,49.6277],[6.2378,49.6259],[6.2341,49.6252],[6.2323,49.6253],[6.2316,49.6243],[6.231,49.6236],[6.2323,49.6221],[6.233,49.6218],[6.2351,49.6219],[6.2374,49.6229],[6.2403,49.6186],[6.2398,49.6178],[6.2396,49.6156],[6.2391,49.6147],[6.2379,49.6136],[6.2371,49.612],[6.2388,49.6097]]]},"properties":{"name":"Schuttrange","slug":"schuttrange"}},{"type":"Feature","geometry":{"type":"Polygon","coordinates":[[[6.1892,49.6257],[6.1931,49.6268],[6.1937,49.6275],[6.1958,49.6279],[6.1977,49.6287],[6.1993,49.6285],[6.2051,49.6322],[6.2065,49.6319],[6.2076,49.6322],[6.2085,49.6315],[6.2058,49.6298],[6.2076,49.629],[6.2081,49.6276],[6.208,49.6269],[6.2089,49.6263],[6.212,49.6251],[6.2147,49.625],[6.2159,49.6247],[6.2173,49.6257],[6.2177,49.6247],[6.2194,49.6234],[6.2236,49.623],[6.2243,49.6234],[6.2281,49.6242],[6.2305,49.6238],[6.2316,49.6243],[6.2323,49.6253],[6.2341,49.6252],[6.2378,49.6259],[6.2424,49.6277],[6.242,49.6288],[6.2426,49.6303],[6.2421,49.6309],[6.2461,49.6317],[6.246,49.6334],[6.2471,49.6332],[6.2477,49.6346],[6.2506,49.636],[6.2508,49.6369],[6.252,49.638],[6.2538,49.6386],[6.2543,49.638],[6.2567,49.6388],[6.2578,49.6397],[6.2635,49.6417],[6.2679,49.6429],[6.2718,49.6447],[6.2741,49.6448],[6.2798,49.6435],[6.2804,49.6444],[6.2845,49.6457],[6.2878,49.6465],[6.2895,49.6473],[6.2892,49.6497],[6.287,49.6506],[6.284,49.6513],[6.2817,49.6532],[6.2817,49.6548],[6.2821,49.6572],[6.2812,49.6571],[6.2803,49.6587],[6.2855,49.6594],[6.2857,49.6604],[6.2856,49.6634],[6.2864,49.6648],[6.2845,49.6646],[6.2829,49.665],[6.2798,49.6646],[6.2773,49.669],[6.2786,49.6692],[6.2789,49.6717],[6.2785,49.6736],[6.2785,49.676],[6.2779,49.6779],[6.2741,49.676],[6.2743,49.6756],[6.2724,49.6751],[6.2712,49.677],[6.27,49.6779],[6.2687,49.6761],[6.2678,49.6779],[6.2674,49.681],[6.266,49.6821],[6.2645,49.6838],[6.2633,49.6843],[6.2622,49.6841],[6.26,49.6849],[6.2575,49.6863],[6.2569,49.6857],[6.2555,49.6855],[6.2522,49.6847],[6.2494,49.6846],[6.2487,49.6858],[6.2474,49.6853],[6.2453,49.6849],[6.2411,49.684],[6.2371,49.6834],[6.2355,49.6837],[6.2343,49.6852],[6.2318,49.6849],[6.2277,49.6853],[6.2253,49.685],[6.2238,49.6844],[6.223,49.6845],[6.2233,49.6856],[6.215,49.6848],[6.2147,49.6849],[6.2139,49.6838],[6.2125,49.683],[6.2121,49.6815],[6.2108,49.6808],[6.209,49.6806],[6.2071,49.6794],[6.2042,49.6784],[6.2034,49.6778],[6.2027,49.6758],[6.2001,49.6739],[6.1985,49.6722],[6.1973,49.6699],[6.1948,49.6688],[6.1918,49.6667],[6.189,49.6656],[6.187,49.6652],[6.1854,49.6646],[6.1827,49.6643],[6.1813,49.6637],[6.181,49.6622],[6.1796,49.6611],[6.1745,49.6591],[6.1738,49.6585],[6.1727,49.655],[6.1721,49.6544],[6.1685,49.6522],[6.1657,49.6501],[6.1647,49.648],[6.1648,49.6466],[6.1654,49.6454],[6.1652,49.6447],[6.1642,49.6435],[6.1632,49.6416],[6.1643,49.6406],[6.1625,49.6405],[6.1582,49.6399],[6.1569,49.6395],[6.1541,49.6391],[6.1532,49.6386],[6.1488,49.6374],[6.147,49.6367],[6.1444,49.6349],[6.1446,49.6339],[6.1466,49.6351],[6.1511,49.6368],[6.1525,49.6369],[6.1551,49.6379],[6.159,49.6384],[6.1605,49.6382],[6.1618,49.6384],[6.1634,49.6383],[6.1652,49.6388],[6.169,49.6377],[6.1707,49.6379],[6.1726,49.6377],[6.1739,49.6373],[6.1792,49.637],[6.1805,49.6363],[6.1827,49.6365],[6.1828,49.6356],[6.182,49.6351],[6.1849,49.6329],[6.1852,49.6319],[6.1833,49.6311],[6.1825,49.6295],[6.1811,49.6289],[6.1817,49.6276],[6.1795,49.6262],[6.1795,49.6249],[6.1783,49.6243],[6.1805,49.6232],[6.1807,49.624],[6.183,49.6245],[6.1837,49.6241],[6.188,49.6252],[6.1892,49.6257]]]},"properties":{"name":"Niederanven","slug":"niederanven"}},{"type":"Feature","geometry":{"type":"Polygon","coordinates":[[[6.0901,49.6853],[6.0887,49.682],[6.0878,49.6795],[6.087,49.6788],[6.0852,49.6781],[6.0828,49.6767],[6.0827,49.6757],[6.0822,49.6747],[6.0852,49.6739],[6.0887,49.6737],[6.0917,49.6716],[6.0942,49.6708],[6.0964,49.6694],[6.098,49.6686],[6.0939,49.668],[6.0973,49.6652],[6.0977,49.6643],[6.0993,49.6626],[6.1026,49.6597],[6.1042,49.6566],[6.1054,49.6568],[6.1074,49.6581],[6.1123,49.659],[6.113,49.6582],[6.1149,49.6585],[6.115,49.6596],[6.1173,49.6598],[6.1202,49.6607],[6.1235,49.6611],[6.1223,49.6624],[6.1258,49.6635],[6.125,49.6642],[6.1257,49.6647],[6.1255,49.6667],[6.1286,49.6683],[6.1299,49.6683],[6.1305,49.6693],[6.1352,49.6685],[6.1398,49.668],[6.1395,49.667],[6.1421,49.6667],[6.1419,49.6658],[6.144,49.6656],[6.1442,49.6671],[6.1473,49.6672],[6.1508,49.6679],[6.1554,49.669],[6.1587,49.6694],[6.1593,49.6642],[6.1597,49.6628],[6.1596,49.6605],[6.1617,49.6608],[6.165,49.6618],[6.1647,49.6608],[6.1638,49.6594],[6.1611,49.6571],[6.1597,49.6549],[6.1611,49.6529],[6.1605,49.6504],[6.1594,49.6494],[6.1597,49.6489],[6.1587,49.6479],[6.1589,49.6474],[6.1575,49.6469],[6.157,49.6462],[6.1516,49.6434],[6.1508,49.6427],[6.1492,49.6419],[6.1502,49.6414],[6.1528,49.642],[6.1535,49.6413],[6.1626,49.6422],[6.1636,49.6439],[6.1652,49.6447],[6.1654,49.6454],[6.1648,49.6466],[6.1647,49.648],[6.1657,49.6501],[6.1685,49.6522],[6.1721,49.6544],[6.1727,49.655],[6.1738,49.6585],[6.1745,49.6591],[6.1796,49.6611],[6.181,49.6622],[6.1813,49.6637],[6.1827,49.6643],[6.1854,49.6646],[6.187,49.6652],[6.189,49.6656],[6.1918,49.6667],[6.1948,49.6688],[6.1973,49.6699],[6.1985,49.6722],[6.2001,49.6739],[6.2027,49.6758],[6.2034,49.6778],[6.2042,49.6784],[6.2071,49.6794],[6.209,49.6806],[6.2108,49.6808],[6.2121,49.6815],[6.2125,49.683],[6.2139,49.6838],[6.2147,49.6849],[6.2142,49.6857],[6.2145,49.6866],[6.2129,49.6887],[6.212,49.6891],[6.2043,49.6881],[6.2,49.6883],[6.1977,49.6883],[6.1963,49.6879],[6.1967,49.6864],[6.1981,49.6857],[6.1986,49.6848],[6.1937,49.6827],[6.1906,49.6842],[6.1878,49.6845],[6.18,49.6844],[6.179,49.6847],[6.1799,49.6865],[6.1756,49.6869],[6.1732,49.6855],[6.169,49.686],[6.164,49.6848],[6.1604,49.6822],[6.1561,49.6824],[6.1559,49.682],[6.1534,49.682],[6.148,49.6813],[6.1443,49.6818],[6.1427,49.6831],[6.1418,49.6826],[6.1384,49.6832],[6.1382,49.6825],[6.1348,49.6828],[6.1341,49.683],[6.1345,49.6848],[6.1343,49.6855],[6.135,49.6864],[6.1326,49.6869],[6.1338,49.6875],[6.1357,49.6895],[6.1308,49.69],[6.1296,49.6908],[6.1274,49.6908],[6.1276,49.6915],[6.1259,49.6916],[6.1236,49.6908],[6.1214,49.6911],[6.1208,49.69],[6.1195,49.6905],[6.119,49.6921],[6.118,49.6921],[6.1168,49.6912],[6.1156,49.6909],[6.1136,49.6908],[6.1102,49.6905],[6.1063,49.6898],[6.1051,49.6891],[6.102,49.6878],[6.0985,49.6862],[6.0934,49.6847],[6.0901,49.6853]]]},"properties":{"name":"Steinsel","slug":"steinsel"}},{"type":"Feature","geometry":{"type":"Polygon","coordinates":[[[6.1597,49.6549],[6.1611,49.6571],[6.1638,49.6594],[6.1647,49.6608],[6.165,49.6618],[6.1617,49.6608],[6.1596,49.6605],[6.1597,49.6628],[6.1593,49.6642],[6.1587,49.6694],[6.1554,49.669],[6.1508,49.6679],[6.1473,49.6672],[6.1442,49.6671],[6.144,49.6656],[6.1419,49.6658],[6.1421,49.6667],[6.1395,49.667],[6.1398,49.668],[6.1352,49.6685],[6.1305,49.6693],[6.1299,49.6683],[6.1286,49.6683],[6.1255,49.6667],[6.1257,49.6647],[6.125,49.6642],[6.1258,49.6635],[6.1223,49.6624],[6.1235,49.6611],[6.1202,49.6607],[6.1173,49.6598],[6.115,49.6596],[6.1149,49.6585],[6.113,49.6582],[6.1123,49.659],[6.1074,49.6581],[6.1054,49.6568],[6.1042,49.6566],[6.1028,49.6558],[6.1007,49.6534],[6.0997,49.6518],[6.0981,49.6508],[6.1012,49.6463],[6.1059,49.6469],[6.1078,49.6488],[6.1132,49.6503],[6.1169,49.6502],[6.1183,49.6485],[6.1205,49.6481],[6.1239,49.6487],[6.1283,49.6493],[6.1288,49.6492],[6.1335,49.6503],[6.1347,49.6502],[6.1398,49.6509],[6.1407,49.6501],[6.1433,49.6492],[6.1502,49.6507],[6.1533,49.6505],[6.1544,49.6508],[6.1581,49.6523],[6.1579,49.6534],[6.1573,49.6539],[6.1597,49.6549]]]},"properties":{"name":"Walferdange","slug":"walferdange"}},{"type":"Feature","geometry":{"type":"Polygon","coordinates":[[[6.3744,49.5898],[6.3755,49.5921],[6.3772,49.5939],[6.3801,49.5965],[6.3822,49.598],[6.3855,49.5996],[6.3868,49.5999],[6.3906,49.5998],[6.3924,49.6],[6.3961,49.6008],[6.3996,49.6026],[6.4022,49.6045],[6.4035,49.6062],[6.4043,49.6077],[6.4059,49.6094],[6.4079,49.6107],[6.4095,49.6123],[6.4127,49.6146],[6.4141,49.6153],[6.4181,49.6167],[6.4193,49.6174],[6.4224,49.6215],[6.4229,49.6244],[6.4234,49.6254],[6.4253,49.6281],[6.4261,49.63],[6.4266,49.632],[6.4286,49.6356],[6.4311,49.6389],[6.4363,49.6469],[6.4388,49.6504],[6.44,49.6532],[6.4405,49.6569],[6.4395,49.6587],[6.4368,49.6601],[6.4343,49.6605],[6.4297,49.6601],[6.4269,49.6607],[6.4258,49.6621],[6.4264,49.664],[6.4253,49.6638],[6.4212,49.664],[6.4216,49.6622],[6.4205,49.6597],[6.4207,49.6583],[6.4212,49.6574],[6.4219,49.6543],[6.4218,49.6536],[6.4203,49.6523],[6.4179,49.6499],[6.4159,49.6485],[6.415,49.6485],[6.4136,49.6495],[6.4134,49.648],[6.415,49.6474],[6.4161,49.648],[6.4173,49.6476],[6.4208,49.6449],[6.4224,49.6432],[6.4236,49.6426],[6.4231,49.6419],[6.4227,49.6395],[6.4195,49.6366],[6.4188,49.6368],[6.4176,49.6351],[6.4159,49.6337],[6.4149,49.6336],[6.4152,49.6321],[6.4132,49.632],[6.4088,49.6305],[6.408,49.6305],[6.4064,49.6289],[6.405,49.6293],[6.4035,49.6258],[6.403,49.6233],[6.3986,49.626],[6.3976,49.6262],[6.3952,49.6274],[6.3969,49.6287],[6.3961,49.6294],[6.3975,49.6311],[6.3909,49.6313],[6.391,49.6338],[6.3884,49.6362],[6.3867,49.6383],[6.3831,49.6371],[6.3807,49.6367],[6.3796,49.6386],[6.3799,49.6388],[6.3866,49.6415],[6.3854,49.6426],[6.3823,49.6422],[6.3785,49.6422],[6.3781,49.6434],[6.3751,49.6461],[6.3737,49.6475],[6.3712,49.6486],[6.3688,49.6488],[6.3662,49.6495],[6.3602,49.6487],[6.3588,49.648],[6.3551,49.6471],[6.3527,49.6473],[6.3534,49.6438],[6.3527,49.6407],[6.3532,49.6378],[6.3532,49.6356],[6.3549,49.6327],[6.3598,49.635],[6.3603,49.6337],[6.3619,49.6324],[6.3603,49.6316],[6.3608,49.6306],[6.3629,49.6287],[6.3651,49.6281],[6.3672,49.6284],[6.3682,49.6292],[6.3688,49.6279],[6.3731,49.626],[6.3742,49.6249],[6.3756,49.624],[6.3794,49.6235],[6.3814,49.6227],[6.3866,49.6201],[6.3866,49.6198],[6.3829,49.6182],[6.3811,49.6178],[6.3806,49.6184],[6.3785,49.6189],[6.3769,49.6198],[6.3741,49.6191],[6.3725,49.6193],[6.3694,49.6189],[6.3678,49.6183],[6.3674,49.6173],[6.3661,49.6173],[6.3655,49.6156],[6.3665,49.6154],[6.3673,49.6145],[6.3695,49.6131],[6.3723,49.6129],[6.3721,49.6121],[6.3745,49.6112],[6.3759,49.6103],[6.3802,49.6094],[6.3791,49.608],[6.3802,49.6069],[6.3781,49.6069],[6.3773,49.6066],[6.3765,49.6045],[6.377,49.6033],[6.3793,49.6042],[6.382,49.6042],[6.3815,49.6033],[6.3822,49.6023],[6.382,49.6017],[6.3796,49.5994],[6.3777,49.5981],[6.3762,49.5959],[6.3743,49.5941],[6.3737,49.5932],[6.3721,49.5927],[6.3726,49.5917],[6.3719,49.5905],[6.3744,49.5898]]]},"properties":{"name":"Wormeldange","slug":"wormeldange"}},{"type":"Feature","geometry":{"type":"Polygon","coordinates":[[[6.3097,49.6284],[6.3126,49.6278],[6.3167,49.6278],[6.3213,49.6274],[6.3241,49.6267],[6.3279,49.6269],[6.33,49.6267],[6.3282,49.6251],[6.3287,49.6245],[6.3309,49.6245],[6.3329,49.6234],[6.3331,49.6225],[6.3349,49.6225],[6.3353,49.6218],[6.3389,49.6221],[6.3385,49.6198],[6.34,49.6196],[6.3397,49.6188],[6.3404,49.6157],[6.3444,49.6167],[6.3449,49.6161],[6.3451,49.614],[6.3456,49.6139],[6.3446,49.6112],[6.3459,49.6103],[6.3441,49.6094],[6.3446,49.6079],[6.346,49.6072],[6.3488,49.609],[6.3492,49.6095],[6.3483,49.6107],[6.3482,49.6118],[6.3493,49.6139],[6.3523,49.6159],[6.3537,49.6152],[6.3562,49.6151],[6.3568,49.6157],[6.3586,49.616],[6.3607,49.6147],[6.361,49.614],[6.3623,49.6136],[6.3646,49.6158],[6.3655,49.6156],[6.3661,49.6173],[6.3674,49.6173],[6.3678,49.6183],[6.3694,49.6189],[6.3725,49.6193],[6.3741,49.6191],[6.3769,49.6198],[6.3785,49.6189],[6.3806,49.6184],[6.3811,49.6178],[6.3829,49.6182],[6.3866,49.6198],[6.3866,49.6201],[6.3814,49.6227],[6.3794,49.6235],[6.3756,49.624],[6.3742,49.6249],[6.3731,49.626],[6.3688,49.6279],[6.3682,49.6292],[6.3672,49.6284],[6.3651,49.6281],[6.3629,49.6287],[6.3608,49.6306],[6.3603,49.6316],[6.3619,49.6324],[6.3603,49.6337],[6.3598,49.635],[6.3549,49.6327],[6.3532,49.6356],[6.3532,49.6378],[6.3527,49.6407],[6.3534,49.6438],[6.3527,49.6473],[6.3551,49.6471],[6.3588,49.648],[6.3602,49.6487],[6.3662,49.6495],[6.3688,49.6488],[6.3712,49.6486],[6.3737,49.6475],[6.3751,49.6461],[6.3781,49.6434],[6.3785,49.6422],[6.3823,49.6422],[6.3854,49.6426],[6.3866,49.6415],[6.3799,49.6388],[6.3796,49.6386],[6.3807,49.6367],[6.3831,49.6371],[6.3867,49.6383],[6.3884,49.6362],[6.391,49.6338],[6.3909,49.6313],[6.3975,49.6311],[6.3961,49.6294],[6.3969,49.6287],[6.3952,49.6274],[6.3976,49.6262],[6.3986,49.626],[6.403,49.6233],[6.4035,49.6258],[6.405,49.6293],[6.4064,49.6289],[6.408,49.6305],[6.4088,49.6305],[6.4132,49.632],[6.4152,49.6321],[6.4149,49.6336],[6.4159,49.6337],[6.4176,49.6351],[6.4188,49.6368],[6.4195,49.6366],[6.4227,49.6395],[6.4231,49.6419],[6.4236,49.6426],[6.4224,49.6432],[6.4208,49.6449],[6.4173,49.6476],[6.4161,49.648],[6.415,49.6474],[6.4134,49.648],[6.4136,49.6495],[6.415,49.6485],[6.4159,49.6485],[6.4179,49.6499],[6.4203,49.6523],[6.4218,49.6536],[6.4219,49.6543],[6.4214,49.6545],[6.4195,49.6541],[6.4127,49.6543],[6.4107,49.6549],[6.4076,49.6577],[6.407,49.6575],[6.4056,49.656],[6.4036,49.6549],[6.4002,49.6543],[6.3982,49.6543],[6.3925,49.6557],[6.3904,49.6558],[6.3872,49.6564],[6.3858,49.6564],[6.3835,49.6573],[6.3824,49.6592],[6.3809,49.6595],[6.3811,49.6604],[6.3801,49.6612],[6.3803,49.662],[6.379,49.6624],[6.3786,49.6633],[6.3775,49.6642],[6.3767,49.6642],[6.374,49.667],[6.3714,49.6662],[6.3691,49.6661],[6.3652,49.6656],[6.3638,49.6652],[6.3602,49.6647],[6.3647,49.6667],[6.3595,49.6667],[6.3574,49.667],[6.3562,49.6676],[6.3557,49.6696],[6.3548,49.6719],[6.3559,49.6728],[6.3564,49.6742],[6.3576,49.6757],[6.3581,49.6771],[6.357,49.6775],[6.3522,49.6765],[6.3485,49.6761],[6.3448,49.6753],[6.3407,49.674],[6.3397,49.6753],[6.3383,49.6748],[6.335,49.674],[6.3331,49.6732],[6.3275,49.6714],[6.3234,49.6706],[6.3209,49.6695],[6.3151,49.6658],[6.3137,49.6649],[6.324,49.659],[6.3242,49.6485],[6.3223,49.6478],[6.3216,49.6485],[6.3199,49.6474],[6.3186,49.6461],[6.3153,49.6441],[6.3125,49.643],[6.3085,49.641],[6.3059,49.6395],[6.3046,49.6377],[6.3032,49.6366],[6.304,49.6347],[6.3074,49.633],[6.3086,49.631],[6.3093,49.6287],[6.3097,49.6284]]]},"properties":{"name":"Flaxweiler","slug":"flaxweiler"}},{"type":"Feature","geometry":{"type":"Polygon","coordinates":[[[6.4264,49.664],[6.429,49.6672],[6.4314,49.6695],[6.4333,49.6704],[6.4362,49.6712],[6.4438,49.6756],[6.4473,49.6782],[6.4496,49.6807],[6.4529,49.6836],[6.4553,49.686],[6.4569,49.6887],[6.4583,49.6903],[6.4613,49.6919],[6.4601,49.6935],[6.4596,49.6936],[6.457,49.6924],[6.4551,49.6935],[6.4541,49.6936],[6.452,49.6935],[6.451,49.6941],[6.4496,49.6939],[6.4472,49.6931],[6.4461,49.6936],[6.4449,49.6934],[6.4407,49.6955],[6.437,49.697],[6.4328,49.6994],[6.4315,49.6994],[6.4294,49.6975],[6.4276,49.6966],[6.4278,49.6959],[6.426,49.6945],[6.4206,49.6914],[6.4187,49.6907],[6.416,49.6894],[6.4124,49.6878],[6.4121,49.689],[6.4095,49.6894],[6.4059,49.6909],[6.4029,49.6883],[6.4034,49.6881],[6.4011,49.6853],[6.3993,49.6835],[6.3983,49.684],[6.3968,49.6819],[6.3959,49.6819],[6.3868,49.679],[6.3822,49.6784],[6.379,49.6777],[6.3776,49.6769],[6.3773,49.676],[6.3748,49.6737],[6.3739,49.6724],[6.3735,49.6711],[6.3752,49.6705],[6.3734,49.6685],[6.3705,49.667],[6.3678,49.6678],[6.3647,49.6667],[6.3602,49.6647],[6.3638,49.6652],[6.3652,49.6656],[6.3691,49.6661],[6.3714,49.6662],[6.374,49.667],[6.3767,49.6642],[6.3775,49.6642],[6.3786,49.6633],[6.379,49.6624],[6.3803,49.662],[6.3801,49.6612],[6.3811,49.6604],[6.3809,49.6595],[6.3824,49.6592],[6.3835,49.6573],[6.3858,49.6564],[6.3872,49.6564],[6.3904,49.6558],[6.3925,49.6557],[6.3982,49.6543],[6.4002,49.6543],[6.4036,49.6549],[6.4056,49.656],[6.407,49.6575],[6.4076,49.6577],[6.4107,49.6549],[6.4127,49.6543],[6.4195,49.6541],[6.4214,49.6545],[6.4219,49.6543],[6.4212,49.6574],[6.4207,49.6583],[6.4205,49.6597],[6.4216,49.6622],[6.4212,49.664],[6.4253,49.6638],[6.4264,49.664]]]},"properties":{"name":"Grevenmacher","slug":"grevenmacher"}},{"type":"Feature","geometry":{"type":"Polygon","coordinates":[[[6.3032,49.6366],[6.3046,49.6377],[6.3059,49.6395],[6.3085,49.641],[6.3125,49.643],[6.3153,49.6441],[6.3186,49.6461],[6.3199,49.6474],[6.3216,49.6485],[6.3223,49.6478],[6.3242,49.6485],[6.324,49.659],[6.3137,49.6649],[6.3151,49.6658],[6.3209,49.6695],[6.3234,49.6706],[6.3275,49.6714],[6.3331,49.6732],[6.335,49.674],[6.3383,49.6748],[6.3397,49.6753],[6.3407,49.674],[6.3448,49.6753],[6.3485,49.6761],[6.3522,49.6765],[6.357,49.6775],[6.3581,49.6771],[6.3576,49.6757],[6.3564,49.6742],[6.3559,49.6728],[6.3548,49.6719],[6.3557,49.6696],[6.3562,49.6676],[6.3574,49.667],[6.3595,49.6667],[6.3647,49.6667],[6.3678,49.6678],[6.3705,49.667],[6.3734,49.6685],[6.3752,49.6705],[6.3735,49.6711],[6.3739,49.6724],[6.3748,49.6737],[6.3773,49.676],[6.3776,49.6769],[6.377,49.678],[6.3751,49.6797],[6.3738,49.68],[6.3742,49.6832],[6.3751,49.6849],[6.3758,49.688],[6.3738,49.6902],[6.3695,49.6884],[6.3631,49.6855],[6.3623,49.6853],[6.3581,49.6892],[6.3556,49.6882],[6.3539,49.6897],[6.3561,49.6907],[6.3542,49.6922],[6.3535,49.6932],[6.353,49.6949],[6.3532,49.696],[6.3531,49.6978],[6.3521,49.7008],[6.3472,49.7042],[6.3421,49.704],[6.3393,49.7036],[6.3365,49.7038],[6.3342,49.7032],[6.332,49.7032],[6.3306,49.7027],[6.3296,49.7013],[6.3295,49.6991],[6.3286,49.6987],[6.3243,49.699],[6.3204,49.6988],[6.3191,49.698],[6.32,49.694],[6.3192,49.6938],[6.3139,49.6935],[6.312,49.6943],[6.3111,49.6962],[6.3106,49.6983],[6.3097,49.6996],[6.3078,49.7014],[6.3076,49.7031],[6.3075,49.7035],[6.3024,49.7036],[6.2994,49.704],[6.2989,49.702],[6.2994,49.7002],[6.3021,49.6953],[6.303,49.6942],[6.3009,49.692],[6.2979,49.6898],[6.2982,49.6881],[6.2995,49.6879],[6.2985,49.6868],[6.2998,49.6864],[6.2988,49.6843],[6.2961,49.6848],[6.2955,49.6835],[6.2956,49.6825],[6.2934,49.6819],[6.2927,49.6824],[6.2909,49.6816],[6.2894,49.6814],[6.2875,49.6806],[6.2819,49.6795],[6.2796,49.6793],[6.2794,49.6787],[6.2779,49.6779],[6.2785,49.676],[6.2785,49.6736],[6.2789,49.6717],[6.2786,49.6692],[6.2773,49.669],[6.2798,49.6646],[6.2829,49.665],[6.2845,49.6646],[6.2864,49.6648],[6.2856,49.6634],[6.2857,49.6604],[6.2855,49.6594],[6.2803,49.6587],[6.2812,49.6571],[6.2821,49.6572],[6.2817,49.6548],[6.2817,49.6532],[6.284,49.6513],[6.287,49.6506],[6.2892,49.6497],[6.2895,49.6473],[6.2891,49.6465],[6.2898,49.6455],[6.2902,49.6441],[6.2901,49.6426],[6.2905,49.6404],[6.2927,49.6385],[6.2939,49.638],[6.2955,49.6383],[6.2956,49.6364],[6.3007,49.6372],[6.3032,49.6366]]]},"properties":{"name":"Betzdorf","slug":"betzdorf"}},{"type":"Feature","geometry":{"type":"Polygon","coordinates":[[[6.169,49.686],[6.1732,49.6855],[6.1756,49.6869],[6.1799,49.6865],[6.179,49.6847],[6.18,49.6844],[6.1878,49.6845],[6.1906,49.6842],[6.1937,49.6827],[6.1986,49.6848],[6.1981,49.6857],[6.1967,49.6864],[6.1963,49.6879],[6.1977,49.6883],[6.2,49.6883],[6.2043,49.6881],[6.212,49.6891],[6.2129,49.6887],[6.2145,49.6866],[6.2142,49.6857],[6.2147,49.6849],[6.215,49.6848],[6.2233,49.6856],[6.223,49.6845],[6.2238,49.6844],[6.2253,49.685],[6.2277,49.6853],[6.2318,49.6849],[6.2343,49.6852],[6.2355,49.6837],[6.2371,49.6834],[6.2411,49.684],[6.2453,49.6849],[6.2474,49.6853],[6.2487,49.6858],[6.2494,49.6846],[6.2522,49.6847],[6.2555,49.6855],[6.2569,49.6857],[6.2575,49.6863],[6.26,49.6849],[6.2622,49.6841],[6.2633,49.6843],[6.2645,49.6838],[6.266,49.6821],[6.2674,49.681],[6.2678,49.6779],[6.2687,49.6761],[6.27,49.6779],[6.2712,49.677],[6.2724,49.6751],[6.2743,49.6756],[6.2741,49.676],[6.2779,49.6779],[6.2794,49.6787],[6.2796,49.6793],[6.2819,49.6795],[6.2875,49.6806],[6.2894,49.6814],[6.2909,49.6816],[6.2927,49.6824],[6.2934,49.6819],[6.2956,49.6825],[6.2955,49.6835],[6.2961,49.6848],[6.2988,49.6843],[6.2998,49.6864],[6.2985,49.6868],[6.2995,49.6879],[6.2982,49.6881],[6.2979,49.6898],[6.3009,49.692],[6.303,49.6942],[6.3021,49.6953],[6.2994,49.7002],[6.2989,49.702],[6.2994,49.704],[6.3024,49.7036],[6.3075,49.7035],[6.3076,49.7031],[6.3112,49.7031],[6.3131,49.7033],[6.3187,49.7052],[6.3214,49.7066],[6.3215,49.7075],[6.3244,49.7084],[6.3206,49.7121],[6.3228,49.7125],[6.3227,49.7138],[6.3203,49.7166],[6.3197,49.719],[6.3183,49.7209],[6.3163,49.7204],[6.3145,49.7228],[6.3168,49.7226],[6.3186,49.7237],[6.3181,49.7245],[6.3205,49.7269],[6.3218,49.7277],[6.3211,49.7287],[6.3208,49.7311],[6.3233,49.7311],[6.3264,49.7316],[6.3272,49.7321],[6.3327,49.7324],[6.3328,49.7331],[6.3289,49.7332],[6.3287,49.735],[6.3249,49.7352],[6.3221,49.735],[6.3165,49.7354],[6.3135,49.7347],[6.3096,49.7341],[6.3092,49.7347],[6.3072,49.7358],[6.3048,49.7355],[6.3034,49.7357],[6.3032,49.7372],[6.3019,49.737],[6.3,49.7363],[6.2984,49.7387],[6.2963,49.7383],[6.2956,49.7389],[6.2907,49.7396],[6.2883,49.7412],[6.2855,49.7408],[6.2822,49.7426],[6.2785,49.7431],[6.2766,49.7436],[6.2748,49.7443],[6.2735,49.7442],[6.2649,49.7443],[6.2616,49.7454],[6.2581,49.7452],[6.2512,49.7451],[6.2476,49.7458],[6.2414,49.7461],[6.2372,49.747],[6.2354,49.7473],[6.2309,49.7476],[6.2291,49.7484],[6.2276,49.7497],[6.2274,49.7487],[6.2262,49.7473],[6.2253,49.7423],[6.2228,49.7389],[6.2226,49.7375],[6.2214,49.7353],[6.2201,49.7338],[6.2188,49.7328],[6.2174,49.7323],[6.2162,49.7313],[6.2139,49.7299],[6.2136,49.7288],[6.2121,49.7284],[6.2084,49.7279],[6.2057,49.7265],[6.2062,49.7254],[6.2042,49.7243],[6.2044,49.7238],[6.2019,49.7233],[6.2019,49.7226],[6.2031,49.721],[6.2018,49.7209],[6.1987,49.7199],[6.1959,49.7197],[6.1897,49.717],[6.1849,49.7146],[6.1865,49.7135],[6.1871,49.7111],[6.1868,49.7093],[6.186,49.7085],[6.1861,49.7072],[6.1872,49.7062],[6.1856,49.7048],[6.1849,49.7023],[6.1837,49.7015],[6.1853,49.6996],[6.1846,49.6987],[6.1826,49.6974],[6.1814,49.6973],[6.1791,49.6962],[6.1801,49.6951],[6.1829,49.6932],[6.181,49.6918],[6.1809,49.6906],[6.1799,49.69],[6.1791,49.6906],[6.1772,49.6892],[6.1757,49.6896],[6.1742,49.6895],[6.1704,49.6881],[6.1681,49.6875],[6.167,49.6869],[6.169,49.686]]]},"properties":{"name":"Junglinster","slug":"junglinster"}},{"type":"Feature","geometry":{"type":"Polygon","coordinates":[[[6.4059,49.6909],[6.4041,49.6916],[6.4052,49.6928],[6.4081,49.6952],[6.4093,49.6965],[6.4091,49.6979],[6.408,49.6988],[6.4025,49.7021],[6.4012,49.7018],[6.4009,49.703],[6.3976,49.7035],[6.3969,49.704],[6.3973,49.7054],[6.397,49.707],[6.3939,49.7066],[6.3911,49.7082],[6.388,49.7095],[6.3882,49.7107],[6.3893,49.7132],[6.389,49.7154],[6.3864,49.7151],[6.3865,49.7169],[6.3856,49.7171],[6.3851,49.7188],[6.3834,49.719],[6.3821,49.716],[6.38,49.7161],[6.3775,49.7169],[6.3759,49.7171],[6.3718,49.7167],[6.3694,49.7155],[6.3686,49.7163],[6.3676,49.7184],[6.3678,49.7203],[6.3668,49.7206],[6.3643,49.719],[6.3627,49.7189],[6.3621,49.7194],[6.3636,49.7203],[6.3639,49.7216],[6.3647,49.7231],[6.3658,49.724],[6.3652,49.7259],[6.3633,49.7263],[6.3629,49.7273],[6.3635,49.7284],[6.3658,49.7302],[6.3691,49.7309],[6.3681,49.7343],[6.3665,49.7348],[6.3622,49.7352],[6.3603,49.7349],[6.3572,49.7348],[6.355,49.7351],[6.3544,49.7366],[6.3533,49.7377],[6.352,49.737],[6.3506,49.7375],[6.3491,49.7368],[6.3475,49.7366],[6.345,49.7354],[6.3459,49.7341],[6.3482,49.732],[6.3448,49.7304],[6.344,49.7319],[6.3421,49.7312],[6.3394,49.7317],[6.3363,49.7318],[6.3327,49.7324],[6.3272,49.7321],[6.3264,49.7316],[6.3233,49.7311],[6.3208,49.7311],[6.3211,49.7287],[6.3218,49.7277],[6.3205,49.7269],[6.3181,49.7245],[6.3186,49.7237],[6.3168,49.7226],[6.3145,49.7228],[6.3163,49.7204],[6.3183,49.7209],[6.3197,49.719],[6.3203,49.7166],[6.3227,49.7138],[6.3228,49.7125],[6.3206,49.7121],[6.3244,49.7084],[6.3215,49.7075],[6.3214,49.7066],[6.3187,49.7052],[6.3131,49.7033],[6.3112,49.7031],[6.3076,49.7031],[6.3078,49.7014],[6.3097,49.6996],[6.3106,49.6983],[6.3111,49.6962],[6.312,49.6943],[6.3139,49.6935],[6.3192,49.6938],[6.32,49.694],[6.3191,49.698],[6.3204,49.6988],[6.3243,49.699],[6.3286,49.6987],[6.3295,49.6991],[6.3296,49.7013],[6.3306,49.7027],[6.332,49.7032],[6.3342,49.7032],[6.3365,49.7038],[6.3393,49.7036],[6.3421,49.704],[6.3472,49.7042],[6.3521,49.7008],[6.3531,49.6978],[6.3532,49.696],[6.353,49.6949],[6.3535,49.6932],[6.3542,49.6922],[6.3561,49.6907],[6.3539,49.6897],[6.3556,49.6882],[6.3581,49.6892],[6.3623,49.6853],[6.3631,49.6855],[6.3695,49.6884],[6.3738,49.6902],[6.3758,49.688],[6.3751,49.6849],[6.3742,49.6832],[6.3738,49.68],[6.3751,49.6797],[6.377,49.678],[6.3776,49.6769],[6.379,49.6777],[6.3822,49.6784],[6.3868,49.679],[6.3959,49.6819],[6.3968,49.6819],[6.3983,49.684],[6.3993,49.6835],[6.4011,49.6853],[6.4034,49.6881],[6.4029,49.6883],[6.4059,49.6909]]]},"properties":{"name":"Biwer","slug":"biwer"}},{"type":"Feature","geometry":{"type":"Polygon","coordinates":[[[6.4541,49.6936],[6.4559,49.6946],[6.4542,49.697],[6.4541,49.6982],[6.4517,49.6991],[6.4506,49.7008],[6.4503,49.7021],[6.4497,49.7027],[6.4515,49.7048],[6.4532,49.7062],[6.4536,49.7073],[6.4525,49.7083],[6.4504,49.7091],[6.4474,49.7107],[6.4467,49.7107],[6.4448,49.7119],[6.4453,49.7135],[6.4495,49.7136],[6.4518,49.7134],[6.4547,49.712],[6.4556,49.7106],[6.4564,49.7108],[6.4581,49.712],[6.4556,49.7122],[6.4546,49.7131],[6.4538,49.7153],[6.4544,49.7166],[6.4529,49.7171],[6.4537,49.7189],[6.4552,49.7202],[6.4573,49.7216],[6.4567,49.722],[6.4555,49.721],[6.4543,49.721],[6.4534,49.7217],[6.4527,49.7231],[6.4539,49.7267],[6.4539,49.7289],[6.4546,49.7294],[6.4568,49.7299],[6.4576,49.7304],[6.4568,49.7326],[6.4574,49.7334],[6.4585,49.7339],[6.4611,49.7341],[6.4614,49.7348],[6.4606,49.736],[6.4617,49.7387],[6.4614,49.7396],[6.4604,49.7395],[6.4597,49.7405],[6.4574,49.7415],[6.455,49.7419],[6.4519,49.7414],[6.4498,49.7418],[6.4471,49.7425],[6.4453,49.7415],[6.4445,49.7402],[6.4439,49.7381],[6.4426,49.737],[6.4397,49.7357],[6.4379,49.7346],[6.4355,49.7324],[6.4345,49.7332],[6.4324,49.734],[6.4295,49.7318],[6.4279,49.7313],[6.4274,49.7318],[6.4249,49.7331],[6.4199,49.7335],[6.4194,49.735],[6.4193,49.7367],[6.4178,49.737],[6.4151,49.7373],[6.4149,49.7383],[6.4132,49.7392],[6.4089,49.7385],[6.4079,49.7393],[6.4083,49.7404],[6.4078,49.741],[6.4054,49.7416],[6.4048,49.7423],[6.4095,49.7444],[6.404,49.7462],[6.4003,49.7473],[6.3971,49.7483],[6.3974,49.749],[6.3942,49.7504],[6.396,49.7526],[6.3957,49.7533],[6.3931,49.7541],[6.3914,49.7539],[6.3914,49.7547],[6.3866,49.7557],[6.3832,49.752],[6.3813,49.7515],[6.3781,49.7514],[6.3771,49.7499],[6.3771,49.7479],[6.3753,49.7453],[6.3755,49.7443],[6.3778,49.7439],[6.3765,49.7415],[6.3772,49.7408],[6.3792,49.7406],[6.3797,49.7391],[6.3796,49.737],[6.3813,49.7366],[6.3807,49.7357],[6.3766,49.7353],[6.3723,49.7346],[6.3681,49.7343],[6.3691,49.7309],[6.3658,49.7302],[6.3635,49.7284],[6.3629,49.7273],[6.3633,49.7263],[6.3652,49.7259],[6.3658,49.724],[6.3647,49.7231],[6.3639,49.7216],[6.3636,49.7203],[6.3621,49.7194],[6.3627,49.7189],[6.3643,49.719],[6.3668,49.7206],[6.3678,49.7203],[6.3676,49.7184],[6.3686,49.7163],[6.3694,49.7155],[6.3718,49.7167],[6.3759,49.7171],[6.3775,49.7169],[6.38,49.7161],[6.3821,49.716],[6.3834,49.719],[6.3851,49.7188],[6.3856,49.7171],[6.3865,49.7169],[6.3864,49.7151],[6.389,49.7154],[6.3893,49.7132],[6.3882,49.7107],[6.388,49.7095],[6.3911,49.7082],[6.3939,49.7066],[6.397,49.707],[6.3973,49.7054],[6.3969,49.704],[6.3976,49.7035],[6.4009,49.703],[6.4012,49.7018],[6.4025,49.7021],[6.408,49.6988],[6.4091,49.6979],[6.4093,49.6965],[6.4081,49.6952],[6.4052,49.6928],[6.4041,49.6916],[6.4059,49.6909],[6.4095,49.6894],[6.4121,49.689],[6.4124,49.6878],[6.416,49.6894],[6.4187,49.6907],[6.4206,49.6914],[6.426,49.6945],[6.4278,49.6959],[6.4276,49.6966],[6.4294,49.6975],[6.4315,49.6994],[6.4328,49.6994],[6.437,49.697],[6.4407,49.6955],[6.4449,49.6934],[6.4461,49.6936],[6.4472,49.6931],[6.4496,49.6939],[6.451,49.6941],[6.452,49.6935],[6.4541,49.6936]]]},"properties":{"name":"Manternach","slug":"manternach"}},{"type":"Feature","geometry":{"type":"Polygon","coordinates":[[[6.4613,49.6919],[6.4642,49.6925],[6.4676,49.6929],[6.4701,49.6935],[6.4749,49.6953],[6.4792,49.6965],[6.4793,49.6971],[6.4819,49.6987],[6.4858,49.7022],[6.4904,49.7055],[6.492,49.7072],[6.4976,49.7112],[6.5001,49.7126],[6.504,49.7136],[6.5063,49.7135],[6.5064,49.7151],[6.5061,49.7163],[6.5022,49.7185],[6.4963,49.7225],[6.4949,49.7241],[6.4947,49.725],[6.4955,49.7261],[6.4971,49.7268],[6.5007,49.7271],[6.5028,49.7269],[6.5051,49.7261],[6.5086,49.7234],[6.511,49.7213],[6.5143,49.7215],[6.5155,49.7221],[6.5171,49.7235],[6.5159,49.7249],[6.5141,49.7255],[6.5115,49.7269],[6.5078,49.7281],[6.5047,49.7298],[6.5027,49.7314],[6.5016,49.7332],[6.4959,49.7337],[6.4928,49.7342],[6.4911,49.7354],[6.4885,49.7363],[6.4846,49.7364],[6.4823,49.7361],[6.4803,49.7374],[6.4782,49.7383],[6.4774,49.7396],[6.4771,49.7411],[6.4757,49.7426],[6.4744,49.7417],[6.4718,49.7409],[6.4705,49.7426],[6.465,49.7406],[6.4614,49.7396],[6.4617,49.7387],[6.4606,49.736],[6.4614,49.7348],[6.4611,49.7341],[6.4585,49.7339],[6.4574,49.7334],[6.4568,49.7326],[6.4576,49.7304],[6.4568,49.7299],[6.4546,49.7294],[6.4539,49.7289],[6.4539,49.7267],[6.4527,49.7231],[6.4534,49.7217],[6.4543,49.721],[6.4555,49.721],[6.4567,49.722],[6.4573,49.7216],[6.4552,49.7202],[6.4537,49.7189],[6.4529,49.7171],[6.4544,49.7166],[6.4538,49.7153],[6.4546,49.7131],[6.4556,49.7122],[6.4581,49.712],[6.4564,49.7108],[6.4556,49.7106],[6.4547,49.712],[6.4518,49.7134],[6.4495,49.7136],[6.4453,49.7135],[6.4448,49.7119],[6.4467,49.7107],[6.4474,49.7107],[6.4504,49.7091],[6.4525,49.7083],[6.4536,49.7073],[6.4532,49.7062],[6.4515,49.7048],[6.4497,49.7027],[6.4503,49.7021],[6.4506,49.7008],[6.4517,49.6991],[6.4541,49.6982],[6.4542,49.697],[6.4559,49.6946],[6.4541,49.6936],[6.4551,49.6935],[6.457,49.6924],[6.4596,49.6936],[6.4601,49.6935],[6.4613,49.6919]]]},"properties":{"name":"Mertert","slug":"mertert"}},{"type":"Feature","geometry":{"type":"Polygon","coordinates":[[[6.2687,49.8485],[6.267,49.8473],[6.2628,49.845],[6.2661,49.842],[6.2684,49.8412],[6.2715,49.8411],[6.2641,49.8364],[6.2547,49.8301],[6.2557,49.8235],[6.2602,49.8223],[6.2658,49.8211],[6.2698,49.8211],[6.2704,49.8213],[6.2721,49.8219],[6.2744,49.8231],[6.2779,49.8235],[6.2803,49.8235],[6.2836,49.8245],[6.2844,49.8243],[6.2868,49.8246],[6.2896,49.8244],[6.2922,49.8245],[6.2955,49.8243],[6.2964,49.8235],[6.296,49.8227],[6.297,49.8221],[6.3011,49.8226],[6.3039,49.8232],[6.3083,49.824],[6.3102,49.823],[6.3117,49.823],[6.3141,49.8226],[6.318,49.8207],[6.3205,49.8204],[6.3228,49.8209],[6.3248,49.8221],[6.327,49.8235],[6.3274,49.8259],[6.3301,49.8281],[6.3296,49.8297],[6.3306,49.8322],[6.3298,49.8333],[6.3301,49.8342],[6.3298,49.836],[6.3272,49.8359],[6.3261,49.8362],[6.3214,49.8385],[6.32,49.8399],[6.3197,49.8407],[6.3196,49.8432],[6.3201,49.8451],[6.3214,49.8466],[6.3226,49.8508],[6.3218,49.8526],[6.3175,49.8554],[6.3155,49.8582],[6.3141,49.8599],[6.3124,49.8593],[6.3075,49.8573],[6.3098,49.8539],[6.3097,49.8526],[6.3104,49.8501],[6.3104,49.8478],[6.3067,49.8475],[6.3049,49.8463],[6.3027,49.8468],[6.2998,49.8483],[6.2969,49.8485],[6.2938,49.8475],[6.2895,49.8477],[6.2866,49.8471],[6.2829,49.8474],[6.2789,49.8479],[6.2769,49.8483],[6.2695,49.8492],[6.2687,49.8485]]]},"properties":{"name":"Beaufort","slug":"beaufort"}},{"type":"Feature","geometry":{"type":"Polygon","coordinates":[[[6.2657,49.7467],[6.2658,49.7457],[6.2705,49.7479],[6.2808,49.7531],[6.2848,49.7494],[6.2874,49.7503],[6.2881,49.7519],[6.295,49.7543],[6.3,49.7564],[6.3009,49.7572],[6.3021,49.7571],[6.3057,49.7576],[6.3063,49.7574],[6.3101,49.7577],[6.3134,49.7583],[6.3165,49.7592],[6.315,49.7601],[6.3138,49.7614],[6.3159,49.762],[6.3181,49.7638],[6.3214,49.7661],[6.3234,49.7664],[6.3232,49.7638],[6.3253,49.764],[6.3252,49.7649],[6.3259,49.7654],[6.33,49.7665],[6.3302,49.7651],[6.3382,49.7644],[6.3414,49.7628],[6.3455,49.7613],[6.3478,49.7602],[6.3499,49.761],[6.3553,49.7629],[6.3598,49.7641],[6.3631,49.7644],[6.3657,49.7651],[6.3648,49.7657],[6.366,49.7698],[6.3678,49.7688],[6.3704,49.7678],[6.3722,49.7685],[6.3742,49.765],[6.3756,49.7635],[6.3775,49.7643],[6.3795,49.7617],[6.3819,49.7626],[6.3789,49.7664],[6.3784,49.7687],[6.376,49.7689],[6.3749,49.7703],[6.3765,49.7712],[6.3762,49.7717],[6.3835,49.775],[6.3873,49.7754],[6.3911,49.7763],[6.3901,49.7779],[6.3871,49.7775],[6.384,49.7779],[6.3845,49.7794],[6.3847,49.7821],[6.3836,49.7845],[6.3835,49.7856],[6.3841,49.7884],[6.3841,49.7912],[6.3857,49.7942],[6.3864,49.7961],[6.3837,49.7961],[6.3832,49.7967],[6.3812,49.7967],[6.3791,49.7975],[6.3768,49.7977],[6.3762,49.7972],[6.3733,49.7975],[6.371,49.7968],[6.3703,49.796],[6.3686,49.7962],[6.3665,49.7956],[6.3659,49.7952],[6.3628,49.7951],[6.3628,49.796],[6.3617,49.7974],[6.3604,49.7982],[6.3557,49.799],[6.3547,49.7995],[6.3541,49.8013],[6.3522,49.8011],[6.3508,49.7999],[6.3497,49.7999],[6.3494,49.7984],[6.3475,49.7986],[6.346,49.7996],[6.3448,49.8],[6.3425,49.7994],[6.3413,49.7988],[6.3378,49.7975],[6.3339,49.7978],[6.3316,49.7978],[6.3299,49.798],[6.3258,49.797],[6.3234,49.7961],[6.3207,49.7946],[6.3193,49.794],[6.3182,49.7931],[6.316,49.7919],[6.3134,49.7914],[6.313,49.7906],[6.3114,49.7901],[6.3096,49.79],[6.3071,49.7891],[6.3055,49.7887],[6.3026,49.7876],[6.3007,49.7871],[6.2993,49.7857],[6.2985,49.7834],[6.2983,49.7819],[6.2972,49.7811],[6.2969,49.7798],[6.2937,49.7781],[6.2922,49.7779],[6.2923,49.7767],[6.2913,49.7751],[6.2902,49.7749],[6.2873,49.7738],[6.2847,49.7734],[6.2845,49.7726],[6.2847,49.7708],[6.2837,49.7681],[6.2837,49.7666],[6.2817,49.7656],[6.2811,49.7641],[6.2802,49.763],[6.279,49.7625],[6.2783,49.7621],[6.2756,49.7582],[6.2725,49.7575],[6.2725,49.7556],[6.2715,49.7548],[6.272,49.7534],[6.2715,49.7525],[6.2695,49.7505],[6.2661,49.7481],[6.2657,49.7467]]]},"properties":{"name":"Consdorf","slug":"consdorf"}},{"type":"Feature","geometry":{"type":"Polygon","coordinates":[[[6.2649,49.7443],[6.2735,49.7442],[6.2748,49.7443],[6.2766,49.7436],[6.2785,49.7431],[6.2822,49.7426],[6.2855,49.7408],[6.2883,49.7412],[6.2907,49.7396],[6.2956,49.7389],[6.2963,49.7383],[6.2984,49.7387],[6.3,49.7363],[6.3019,49.737],[6.3032,49.7372],[6.3034,49.7357],[6.3048,49.7355],[6.3072,49.7358],[6.3092,49.7347],[6.3096,49.7341],[6.3135,49.7347],[6.3165,49.7354],[6.3221,49.735],[6.3249,49.7352],[6.3287,49.735],[6.3289,49.7332],[6.3328,49.7331],[6.3327,49.7324],[6.3363,49.7318],[6.3394,49.7317],[6.3421,49.7312],[6.344,49.7319],[6.3448,49.7304],[6.3482,49.732],[6.3459,49.7341],[6.345,49.7354],[6.3475,49.7366],[6.3491,49.7368],[6.3506,49.7375],[6.352,49.737],[6.3533,49.7377],[6.3544,49.7366],[6.355,49.7351],[6.3572,49.7348],[6.3603,49.7349],[6.3622,49.7352],[6.3665,49.7348],[6.3681,49.7343],[6.3723,49.7346],[6.3766,49.7353],[6.3807,49.7357],[6.3813,49.7366],[6.3796,49.737],[6.3797,49.7391],[6.3792,49.7406],[6.3772,49.7408],[6.3765,49.7415],[6.3778,49.7439],[6.3755,49.7443],[6.3753,49.7453],[6.3771,49.7479],[6.3771,49.7499],[6.3781,49.7514],[6.3813,49.7515],[6.3832,49.752],[6.3866,49.7557],[6.3914,49.7547],[6.3939,49.7559],[6.3947,49.7568],[6.3974,49.7584],[6.3988,49.7604],[6.4006,49.7637],[6.4009,49.7666],[6.3993,49.7702],[6.3975,49.7725],[6.3972,49.7738],[6.3966,49.7742],[6.3944,49.7742],[6.388,49.7732],[6.3847,49.7723],[6.3823,49.7711],[6.3784,49.7687],[6.3789,49.7664],[6.3819,49.7626],[6.3795,49.7617],[6.3775,49.7643],[6.3756,49.7635],[6.3742,49.765],[6.3722,49.7685],[6.3704,49.7678],[6.3678,49.7688],[6.366,49.7698],[6.3648,49.7657],[6.3657,49.7651],[6.3631,49.7644],[6.3598,49.7641],[6.3553,49.7629],[6.3499,49.761],[6.3478,49.7602],[6.3455,49.7613],[6.3414,49.7628],[6.3382,49.7644],[6.3302,49.7651],[6.33,49.7665],[6.3259,49.7654],[6.3252,49.7649],[6.3253,49.764],[6.3232,49.7638],[6.3234,49.7664],[6.3214,49.7661],[6.3181,49.7638],[6.3159,49.762],[6.3138,49.7614],[6.315,49.7601],[6.3165,49.7592],[6.3134,49.7583],[6.3101,49.7577],[6.3063,49.7574],[6.3057,49.7576],[6.3021,49.7571],[6.3009,49.7572],[6.3,49.7564],[6.295,49.7543],[6.2881,49.7519],[6.2874,49.7503],[6.2848,49.7494],[6.2808,49.7531],[6.2705,49.7479],[6.2658,49.7457],[6.2657,49.7467],[6.2648,49.7454],[6.2649,49.7443]]]},"properties":{"name":"Bech","slug":"bech"}},{"type":"Feature","geometry":{"type":"Polygon","coordinates":[[[6.3248,49.8221],[6.3239,49.8196],[6.325,49.8187],[6.3242,49.8169],[6.324,49.8131],[6.3229,49.8118],[6.3236,49.8113],[6.3218,49.8104],[6.3203,49.8093],[6.3208,49.8082],[6.3188,49.8074],[6.3175,49.8062],[6.3173,49.805],[6.3161,49.8048],[6.3164,49.8035],[6.3146,49.8014],[6.3133,49.7989],[6.3122,49.798],[6.3124,49.7968],[6.3116,49.7965],[6.3115,49.7947],[6.3125,49.7937],[6.3124,49.7927],[6.3134,49.7914],[6.316,49.7919],[6.3182,49.7931],[6.3193,49.794],[6.3207,49.7946],[6.3234,49.7961],[6.3258,49.797],[6.3299,49.798],[6.3316,49.7978],[6.3339,49.7978],[6.3378,49.7975],[6.3413,49.7988],[6.3425,49.7994],[6.3448,49.8],[6.346,49.7996],[6.3475,49.7986],[6.3494,49.7984],[6.3497,49.7999],[6.3508,49.7999],[6.3522,49.8011],[6.3541,49.8013],[6.3547,49.7995],[6.3557,49.799],[6.3604,49.7982],[6.3617,49.7974],[6.3628,49.796],[6.3628,49.7951],[6.3659,49.7952],[6.3665,49.7956],[6.3674,49.7978],[6.369,49.7995],[6.3703,49.8024],[6.3724,49.8044],[6.376,49.808],[6.3797,49.81],[6.3843,49.8119],[6.3882,49.8134],[6.3894,49.813],[6.3896,49.8147],[6.3891,49.8173],[6.3876,49.8212],[6.3877,49.8228],[6.3854,49.825],[6.385,49.8261],[6.3831,49.8282],[6.3822,49.8285],[6.3807,49.8297],[6.3804,49.8305],[6.3845,49.8326],[6.3822,49.8356],[6.3806,49.8368],[6.379,49.8377],[6.3773,49.8393],[6.3767,49.8401],[6.3726,49.8422],[6.371,49.8445],[6.3683,49.8472],[6.3662,49.8496],[6.3639,49.8507],[6.3607,49.8506],[6.3572,49.8507],[6.35,49.8504],[6.3439,49.8493],[6.3411,49.8485],[6.3399,49.8474],[6.3387,49.8434],[6.3383,49.8411],[6.3374,49.8395],[6.3359,49.8382],[6.3336,49.8372],[6.3298,49.836],[6.3301,49.8342],[6.3298,49.8333],[6.3306,49.8322],[6.3296,49.8297],[6.3301,49.8281],[6.3274,49.8259],[6.327,49.8235],[6.3248,49.8221]]]},"properties":{"name":"Berdorf","slug":"berdorf"}},{"type":"Feature","geometry":{"type":"Polygon","coordinates":[[[6.2287,49.8927],[6.2306,49.8927],[6.2328,49.892],[6.2339,49.8896],[6.2345,49.8889],[6.2369,49.888],[6.2413,49.8867],[6.2429,49.8864],[6.2473,49.8848],[6.2498,49.8835],[6.2483,49.8812],[6.25,49.8795],[6.2513,49.8775],[6.2512,49.8731],[6.25,49.8725],[6.2461,49.8695],[6.2454,49.8684],[6.2463,49.8668],[6.2475,49.8655],[6.2474,49.8638],[6.2483,49.8617],[6.2492,49.861],[6.2517,49.8617],[6.252,49.8612],[6.2503,49.8606],[6.2507,49.8601],[6.2504,49.859],[6.2471,49.8583],[6.2481,49.8576],[6.2472,49.8567],[6.2464,49.855],[6.244,49.8553],[6.2435,49.8546],[6.2451,49.8547],[6.2445,49.8537],[6.2462,49.8532],[6.248,49.8541],[6.2489,49.8561],[6.2506,49.8573],[6.2511,49.8566],[6.2552,49.8575],[6.2553,49.8567],[6.2574,49.8568],[6.2573,49.8561],[6.2619,49.8536],[6.2622,49.853],[6.2603,49.8522],[6.2616,49.8501],[6.2622,49.8508],[6.2656,49.8516],[6.2677,49.8499],[6.2687,49.8485],[6.2695,49.8492],[6.2769,49.8483],[6.2789,49.8479],[6.2829,49.8474],[6.2866,49.8471],[6.2895,49.8477],[6.2938,49.8475],[6.2969,49.8485],[6.2998,49.8483],[6.3027,49.8468],[6.3049,49.8463],[6.3067,49.8475],[6.3104,49.8478],[6.3104,49.8501],[6.3097,49.8526],[6.3098,49.8539],[6.3075,49.8573],[6.3124,49.8593],[6.3141,49.8599],[6.3135,49.8614],[6.3135,49.8625],[6.3143,49.8649],[6.3134,49.8675],[6.3123,49.8686],[6.3106,49.8698],[6.3094,49.8699],[6.3074,49.8696],[6.3053,49.8687],[6.3015,49.8668],[6.3,49.8663],[6.2969,49.8662],[6.2952,49.8671],[6.2937,49.8684],[6.2916,49.8711],[6.2914,49.8727],[6.2917,49.8742],[6.2913,49.8746],[6.2891,49.8751],[6.2871,49.8749],[6.2859,49.8754],[6.2831,49.8784],[6.2814,49.8788],[6.2797,49.8785],[6.2787,49.8778],[6.2758,49.8767],[6.2731,49.8771],[6.2701,49.8787],[6.2664,49.8796],[6.2629,49.8807],[6.2616,49.881],[6.2608,49.8822],[6.2591,49.8831],[6.2581,49.8855],[6.2559,49.8878],[6.2504,49.8904],[6.2497,49.8923],[6.2481,49.8935],[6.247,49.895],[6.246,49.8955],[6.2423,49.8957],[6.2405,49.8961],[6.2384,49.8969],[6.2364,49.8986],[6.2354,49.8991],[6.2345,49.8983],[6.2324,49.8977],[6.2287,49.8927]]]},"properties":{"name":"Reisdorf","slug":"reisdorf"}},{"type":"Feature","geometry":{"type":"Polygon","coordinates":[[[6.4009,49.7666],[6.402,49.7661],[6.4049,49.7657],[6.4088,49.7641],[6.4133,49.7646],[6.4162,49.7653],[6.4185,49.7664],[6.4209,49.7686],[6.4231,49.771],[6.4242,49.7714],[6.4268,49.7719],[6.4295,49.772],[6.4302,49.7731],[6.432,49.7718],[6.4329,49.7726],[6.4357,49.7728],[6.441,49.7722],[6.4421,49.7704],[6.4424,49.7692],[6.4441,49.7677],[6.448,49.7658],[6.4516,49.7632],[6.4548,49.7658],[6.4576,49.7663],[6.46,49.7683],[6.4626,49.7695],[6.4682,49.7713],[6.4699,49.7706],[6.4704,49.7693],[6.4725,49.7674],[6.4737,49.768],[6.4743,49.7693],[6.4755,49.77],[6.4794,49.7706],[6.4808,49.7713],[6.4824,49.7727],[6.4864,49.7711],[6.4864,49.7703],[6.4886,49.7695],[6.4909,49.7713],[6.4951,49.7723],[6.4975,49.7714],[6.4986,49.772],[6.5044,49.7713],[6.5064,49.7708],[6.5113,49.7714],[6.5118,49.7708],[6.5137,49.7716],[6.5105,49.7731],[6.5096,49.7738],[6.5097,49.7752],[6.5103,49.7767],[6.5112,49.7776],[6.5149,49.7804],[6.5169,49.7826],[6.5162,49.7836],[6.5135,49.7849],[6.511,49.7855],[6.508,49.7866],[6.5062,49.7878],[6.5057,49.7887],[6.5058,49.7903],[6.5073,49.7919],[6.5108,49.7932],[6.5146,49.7942],[6.5175,49.7955],[6.5201,49.7964],[6.5216,49.7975],[6.523,49.7993],[6.5261,49.802],[6.5297,49.8041],[6.5306,49.8052],[6.5309,49.806],[6.5301,49.807],[6.5294,49.8092],[6.5262,49.8114],[6.5216,49.813],[6.5199,49.8128],[6.5191,49.812],[6.5184,49.8099],[6.5185,49.8086],[6.5176,49.8067],[6.5164,49.8048],[6.5148,49.8031],[6.5128,49.8016],[6.5111,49.8014],[6.5094,49.8026],[6.5078,49.8059],[6.5058,49.8089],[6.5045,49.8095],[6.5012,49.81],[6.4989,49.8108],[6.4959,49.8122],[6.4952,49.8122],[6.4935,49.8112],[6.492,49.8111],[6.4886,49.8116],[6.4845,49.8135],[6.484,49.8138],[6.4813,49.8176],[6.4788,49.8193],[6.4726,49.822],[6.4704,49.8223],[6.4696,49.8221],[6.4667,49.8203],[6.4644,49.8195],[6.4609,49.8171],[6.4565,49.8126],[6.4546,49.8114],[6.4519,49.8113],[6.4518,49.8101],[6.4526,49.8089],[6.4536,49.8065],[6.456,49.8067],[6.4568,49.8059],[6.463,49.8046],[6.4634,49.8049],[6.4691,49.8028],[6.4708,49.8014],[6.47,49.7997],[6.47,49.7987],[6.4708,49.7984],[6.4693,49.7956],[6.4668,49.7938],[6.4635,49.7938],[6.4619,49.7929],[6.4582,49.7916],[6.4495,49.7947],[6.4482,49.7942],[6.4464,49.7945],[6.4426,49.7945],[6.4396,49.7949],[6.4366,49.7959],[6.4345,49.7959],[6.4333,49.795],[6.4322,49.7936],[6.4301,49.7915],[6.4309,49.7908],[6.4292,49.7899],[6.4191,49.7852],[6.4177,49.7847],[6.4124,49.7862],[6.4109,49.785],[6.4086,49.7826],[6.4074,49.7809],[6.4043,49.7797],[6.4045,49.7787],[6.4035,49.7778],[6.4022,49.7757],[6.4022,49.7746],[6.4011,49.7741],[6.3972,49.7738],[6.3975,49.7725],[6.3993,49.7702],[6.4009,49.7666]]]},"properties":{"name":"Rosport","slug":"rosport"}},{"type":"Feature","geometry":{"type":"Polygon","coordinates":[[[6.4614,49.7396],[6.465,49.7406],[6.4705,49.7426],[6.4718,49.7409],[6.4744,49.7417],[6.4757,49.7426],[6.4771,49.7411],[6.4774,49.7396],[6.4782,49.7383],[6.4803,49.7374],[6.4823,49.7361],[6.4846,49.7364],[6.4885,49.7363],[6.4911,49.7354],[6.4928,49.7342],[6.4959,49.7337],[6.5016,49.7332],[6.5015,49.7361],[6.5021,49.7396],[6.5019,49.742],[6.5015,49.743],[6.5017,49.7444],[6.5024,49.7458],[6.5004,49.7481],[6.5002,49.749],[6.5002,49.7521],[6.5018,49.7541],[6.5047,49.7556],[6.5091,49.7569],[6.5128,49.7578],[6.5148,49.7589],[6.5177,49.7612],[6.5182,49.7628],[6.5175,49.7652],[6.5179,49.7673],[6.5174,49.7685],[6.5164,49.7697],[6.5137,49.7716],[6.5118,49.7708],[6.5113,49.7714],[6.5064,49.7708],[6.5044,49.7713],[6.4986,49.772],[6.4975,49.7714],[6.4951,49.7723],[6.4909,49.7713],[6.4886,49.7695],[6.4864,49.7703],[6.4864,49.7711],[6.4824,49.7727],[6.4808,49.7713],[6.4794,49.7706],[6.4755,49.77],[6.4743,49.7693],[6.4737,49.768],[6.4725,49.7674],[6.4704,49.7693],[6.4699,49.7706],[6.4682,49.7713],[6.4626,49.7695],[6.46,49.7683],[6.4576,49.7663],[6.4548,49.7658],[6.4516,49.7632],[6.448,49.7658],[6.4441,49.7677],[6.4424,49.7692],[6.4421,49.7704],[6.441,49.7722],[6.4357,49.7728],[6.4329,49.7726],[6.432,49.7718],[6.4302,49.7731],[6.4295,49.772],[6.4268,49.7719],[6.4242,49.7714],[6.4231,49.771],[6.4209,49.7686],[6.4185,49.7664],[6.4162,49.7653],[6.4133,49.7646],[6.4088,49.7641],[6.4049,49.7657],[6.402,49.7661],[6.4009,49.7666],[6.4006,49.7637],[6.3988,49.7604],[6.3974,49.7584],[6.3947,49.7568],[6.3939,49.7559],[6.3914,49.7547],[6.3914,49.7539],[6.3931,49.7541],[6.3957,49.7533],[6.396,49.7526],[6.3942,49.7504],[6.3974,49.749],[6.3971,49.7483],[6.4003,49.7473],[6.404,49.7462],[6.4095,49.7444],[6.4048,49.7423],[6.4054,49.7416],[6.4078,49.741],[6.4083,49.7404],[6.4079,49.7393],[6.4089,49.7385],[6.4132,49.7392],[6.4149,49.7383],[6.4151,49.7373],[6.4178,49.737],[6.4193,49.7367],[6.4194,49.735],[6.4199,49.7335],[6.4249,49.7331],[6.4274,49.7318],[6.4279,49.7313],[6.4295,49.7318],[6.4324,49.734],[6.4345,49.7332],[6.4355,49.7324],[6.4379,49.7346],[6.4397,49.7357],[6.4426,49.737],[6.4439,49.7381],[6.4445,49.7402],[6.4453,49.7415],[6.4471,49.7425],[6.4498,49.7418],[6.4519,49.7414],[6.455,49.7419],[6.4574,49.7415],[6.4597,49.7405],[6.4604,49.7395],[6.4614,49.7396]]]},"properties":{"name":"Mompach","slug":"mompach"}},{"type":"Feature","geometry":{"type":"Polygon","coordinates":[[[6.3784,49.7687],[6.3823,49.7711],[6.3847,49.7723],[6.388,49.7732],[6.3944,49.7742],[6.3966,49.7742],[6.3972,49.7738],[6.4011,49.7741],[6.4022,49.7746],[6.4022,49.7757],[6.4035,49.7778],[6.4045,49.7787],[6.4043,49.7797],[6.4074,49.7809],[6.4086,49.7826],[6.4109,49.785],[6.4124,49.7862],[6.4177,49.7847],[6.4191,49.7852],[6.4292,49.7899],[6.4309,49.7908],[6.4301,49.7915],[6.4322,49.7936],[6.4333,49.795],[6.4345,49.7959],[6.4366,49.7959],[6.4396,49.7949],[6.4426,49.7945],[6.4464,49.7945],[6.4482,49.7942],[6.4495,49.7947],[6.4582,49.7916],[6.4619,49.7929],[6.4635,49.7938],[6.4668,49.7938],[6.4693,49.7956],[6.4708,49.7984],[6.47,49.7987],[6.47,49.7997],[6.4708,49.8014],[6.4691,49.8028],[6.4634,49.8049],[6.463,49.8046],[6.4568,49.8059],[6.456,49.8067],[6.4536,49.8065],[6.4526,49.8089],[6.4518,49.8101],[6.4519,49.8113],[6.4478,49.8116],[6.4439,49.8113],[6.4432,49.8115],[6.442,49.813],[6.4417,49.8141],[6.4405,49.8141],[6.4372,49.8134],[6.4347,49.8122],[6.4325,49.8107],[6.4311,49.8102],[6.429,49.8108],[6.4273,49.8116],[6.4259,49.8134],[6.4256,49.8157],[6.4244,49.816],[6.4204,49.816],[6.4159,49.8165],[6.4088,49.8178],[6.4049,49.8192],[6.4024,49.8194],[6.4005,49.8204],[6.3969,49.8225],[6.3941,49.8258],[6.392,49.8278],[6.3888,49.8294],[6.3878,49.8304],[6.3845,49.8326],[6.3804,49.8305],[6.3807,49.8297],[6.3822,49.8285],[6.3831,49.8282],[6.385,49.8261],[6.3854,49.825],[6.3877,49.8228],[6.3876,49.8212],[6.3891,49.8173],[6.3896,49.8147],[6.3894,49.813],[6.3882,49.8134],[6.3843,49.8119],[6.3797,49.81],[6.376,49.808],[6.3724,49.8044],[6.3703,49.8024],[6.369,49.7995],[6.3674,49.7978],[6.3665,49.7956],[6.3686,49.7962],[6.3703,49.796],[6.371,49.7968],[6.3733,49.7975],[6.3762,49.7972],[6.3768,49.7977],[6.3791,49.7975],[6.3812,49.7967],[6.3832,49.7967],[6.3837,49.7961],[6.3864,49.7961],[6.3857,49.7942],[6.3841,49.7912],[6.3841,49.7884],[6.3835,49.7856],[6.3836,49.7845],[6.3847,49.7821],[6.3845,49.7794],[6.384,49.7779],[6.3871,49.7775],[6.3901,49.7779],[6.3911,49.7763],[6.3873,49.7754],[6.3835,49.775],[6.3762,49.7717],[6.3765,49.7712],[6.3749,49.7703],[6.376,49.7689],[6.3784,49.7687]]]},"properties":{"name":"Echternach","slug":"echternach"}},{"type":"Feature","geometry":{"type":"Polygon","coordinates":[[[6.279,49.7625],[6.2802,49.763],[6.2811,49.7641],[6.2817,49.7656],[6.2837,49.7666],[6.2837,49.7681],[6.2847,49.7708],[6.2845,49.7726],[6.2847,49.7734],[6.2873,49.7738],[6.2902,49.7749],[6.2913,49.7751],[6.2923,49.7767],[6.2922,49.7779],[6.2937,49.7781],[6.2969,49.7798],[6.2972,49.7811],[6.2983,49.7819],[6.2985,49.7834],[6.2993,49.7857],[6.3007,49.7871],[6.3026,49.7876],[6.3055,49.7887],[6.3071,49.7891],[6.3096,49.79],[6.3114,49.7901],[6.313,49.7906],[6.3134,49.7914],[6.3124,49.7927],[6.3125,49.7937],[6.3115,49.7947],[6.3116,49.7965],[6.3124,49.7968],[6.3122,49.798],[6.3133,49.7989],[6.3146,49.8014],[6.3164,49.8035],[6.3161,49.8048],[6.3173,49.805],[6.3175,49.8062],[6.3188,49.8074],[6.3208,49.8082],[6.3203,49.8093],[6.3218,49.8104],[6.3236,49.8113],[6.3229,49.8118],[6.324,49.8131],[6.3242,49.8169],[6.325,49.8187],[6.3239,49.8196],[6.3248,49.8221],[6.3228,49.8209],[6.3205,49.8204],[6.318,49.8207],[6.3141,49.8226],[6.3117,49.823],[6.3102,49.823],[6.3083,49.824],[6.3039,49.8232],[6.3011,49.8226],[6.297,49.8221],[6.296,49.8227],[6.2964,49.8235],[6.2955,49.8243],[6.2922,49.8245],[6.2896,49.8244],[6.2868,49.8246],[6.2844,49.8243],[6.2836,49.8245],[6.2803,49.8235],[6.2779,49.8235],[6.2744,49.8231],[6.2721,49.8219],[6.2704,49.8213],[6.2698,49.8199],[6.2686,49.8184],[6.2688,49.8166],[6.2667,49.8151],[6.2636,49.8152],[6.2645,49.8138],[6.2643,49.8132],[6.2623,49.8124],[6.2637,49.8113],[6.2576,49.8104],[6.2552,49.8105],[6.2528,49.8103],[6.2545,49.8085],[6.2585,49.8028],[6.2569,49.8021],[6.2558,49.8012],[6.2542,49.8004],[6.2544,49.7999],[6.2449,49.7964],[6.2446,49.7956],[6.2443,49.7931],[6.2512,49.7883],[6.2506,49.7881],[6.2514,49.7861],[6.2486,49.7854],[6.2452,49.7841],[6.2424,49.7838],[6.2367,49.7829],[6.2374,49.7811],[6.2401,49.7814],[6.2426,49.782],[6.2428,49.7812],[6.244,49.7801],[6.2459,49.7809],[6.2477,49.7804],[6.2512,49.7769],[6.2527,49.7775],[6.2539,49.7788],[6.2551,49.7786],[6.2568,49.7771],[6.2594,49.7782],[6.2628,49.7788],[6.2637,49.777],[6.2613,49.7764],[6.2633,49.7735],[6.2647,49.7705],[6.2632,49.7701],[6.2631,49.7687],[6.2649,49.7688],[6.2673,49.7697],[6.2687,49.769],[6.2718,49.7698],[6.2753,49.7702],[6.2758,49.7692],[6.2767,49.7692],[6.2773,49.7679],[6.2787,49.7682],[6.2795,49.767],[6.275,49.7642],[6.2757,49.7632],[6.2788,49.7629],[6.279,49.7625]]]},"properties":{"name":"Waldbillig","slug":"waldbillig"}},{"type":"Feature","geometry":{"type":"Polygon","coordinates":[[[6.1967,49.8018],[6.198,49.8017],[6.1979,49.7997],[6.2015,49.7991],[6.2025,49.7985],[6.2054,49.798],[6.2082,49.7961],[6.2081,49.7941],[6.2095,49.7936],[6.2114,49.7922],[6.216,49.7905],[6.2175,49.7902],[6.2181,49.7895],[6.2192,49.7915],[6.2212,49.7912],[6.2217,49.7934],[6.2229,49.7942],[6.2264,49.7955],[6.228,49.7955],[6.2316,49.7966],[6.2324,49.7961],[6.2322,49.7951],[6.2328,49.7943],[6.2338,49.7939],[6.2356,49.7918],[6.2377,49.7862],[6.241,49.7871],[6.242,49.7863],[6.2451,49.789],[6.2486,49.7854],[6.2514,49.7861],[6.2506,49.7881],[6.2512,49.7883],[6.2443,49.7931],[6.2446,49.7956],[6.2449,49.7964],[6.2544,49.7999],[6.2542,49.8004],[6.2558,49.8012],[6.2569,49.8021],[6.2585,49.8028],[6.2545,49.8085],[6.2528,49.8103],[6.2552,49.8105],[6.2576,49.8104],[6.2637,49.8113],[6.2623,49.8124],[6.2643,49.8132],[6.2645,49.8138],[6.2636,49.8152],[6.2667,49.8151],[6.2688,49.8166],[6.2686,49.8184],[6.2698,49.8199],[6.2704,49.8213],[6.2698,49.8211],[6.2658,49.8211],[6.2602,49.8223],[6.2557,49.8235],[6.2547,49.8301],[6.2641,49.8364],[6.2715,49.8411],[6.2684,49.8412],[6.2661,49.842],[6.2628,49.845],[6.267,49.8473],[6.2687,49.8485],[6.2677,49.8499],[6.2656,49.8516],[6.2622,49.8508],[6.2616,49.8501],[6.2603,49.8522],[6.2622,49.853],[6.2619,49.8536],[6.2573,49.8561],[6.2574,49.8568],[6.2553,49.8567],[6.2552,49.8575],[6.2511,49.8566],[6.2506,49.8573],[6.2489,49.8561],[6.248,49.8541],[6.2462,49.8532],[6.2445,49.8537],[6.2451,49.8547],[6.2435,49.8546],[6.2424,49.8541],[6.2414,49.8529],[6.2399,49.8525],[6.2384,49.8515],[6.2376,49.8498],[6.237,49.8494],[6.233,49.8492],[6.2326,49.8495],[6.229,49.8495],[6.2269,49.8498],[6.2238,49.8499],[6.2187,49.8492],[6.2172,49.8505],[6.215,49.8512],[6.2127,49.8525],[6.2113,49.8531],[6.2084,49.8535],[6.2053,49.8538],[6.2043,49.8538],[6.2022,49.8545],[6.2013,49.8545],[6.1983,49.8533],[6.1971,49.8519],[6.1934,49.8494],[6.1905,49.8476],[6.1873,49.846],[6.1852,49.8465],[6.1828,49.8466],[6.1809,49.8463],[6.1781,49.8455],[6.1743,49.8439],[6.1738,49.8434],[6.1693,49.8425],[6.1653,49.8422],[6.1635,49.8425],[6.1618,49.8421],[6.1599,49.8412],[6.1582,49.84],[6.1558,49.8391],[6.1555,49.8395],[6.1522,49.8384],[6.1529,49.8366],[6.1527,49.835],[6.1432,49.8363],[6.1428,49.8351],[6.1437,49.8342],[6.146,49.833],[6.147,49.832],[6.1471,49.8299],[6.1464,49.8277],[6.1457,49.8267],[6.1464,49.826],[6.1479,49.8264],[6.1491,49.8257],[6.1508,49.8229],[6.1504,49.8217],[6.1512,49.821],[6.1505,49.8201],[6.1508,49.8187],[6.1527,49.8184],[6.1586,49.8205],[6.1616,49.8218],[6.1626,49.8227],[6.1641,49.8221],[6.1669,49.8224],[6.171,49.8213],[6.175,49.8209],[6.1784,49.8219],[6.1819,49.8226],[6.1855,49.823],[6.1891,49.8223],[6.1877,49.818],[6.19,49.8161],[6.1909,49.8148],[6.1916,49.8121],[6.1909,49.8104],[6.191,49.809],[6.1902,49.809],[6.1887,49.8065],[6.1903,49.8043],[6.1912,49.8027],[6.1935,49.8035],[6.1943,49.8028],[6.1967,49.8018]]]},"properties":{"name":"Vallée de l'Ernz","slug":"vallee-de-l-ernz"}},{"type":"Feature","geometry":{"type":"Polygon","coordinates":[[[6.1255,49.8952],[6.1242,49.8947],[6.1199,49.8942],[6.1205,49.8951],[6.1165,49.8955],[6.1163,49.8966],[6.1139,49.8973],[6.1089,49.8973],[6.1067,49.8964],[6.1047,49.8928],[6.1028,49.891],[6.1012,49.8878],[6.0997,49.8873],[6.096,49.8873],[6.0941,49.8882],[6.0947,49.8892],[6.0968,49.8897],[6.0974,49.8904],[6.0966,49.8915],[6.0938,49.8928],[6.0925,49.8945],[6.0909,49.8956],[6.0886,49.8964],[6.0873,49.8982],[6.0851,49.9003],[6.084,49.9029],[6.0809,49.9032],[6.0792,49.9031],[6.0766,49.9017],[6.0754,49.8993],[6.0747,49.8984],[6.0732,49.899],[6.0718,49.8986],[6.0723,49.8972],[6.0756,49.8951],[6.0745,49.8943],[6.0767,49.8933],[6.0768,49.8922],[6.0781,49.8903],[6.0793,49.8896],[6.0789,49.889],[6.0751,49.8876],[6.0745,49.8867],[6.0755,49.8856],[6.0743,49.8846],[6.0725,49.8838],[6.0735,49.8833],[6.0749,49.8833],[6.0762,49.882],[6.0756,49.8798],[6.0769,49.8784],[6.0758,49.8763],[6.0769,49.8772],[6.0802,49.8761],[6.0795,49.8754],[6.0804,49.8744],[6.082,49.8749],[6.0839,49.8747],[6.0845,49.8757],[6.0878,49.8753],[6.0881,49.8742],[6.0875,49.8733],[6.0887,49.8729],[6.0897,49.8734],[6.0902,49.8724],[6.0931,49.8713],[6.0947,49.8715],[6.0956,49.8721],[6.096,49.8699],[6.097,49.8675],[6.0983,49.8659],[6.1005,49.8646],[6.1024,49.8642],[6.1012,49.8619],[6.1023,49.8598],[6.1044,49.8581],[6.1058,49.8574],[6.1065,49.8563],[6.1073,49.856],[6.1085,49.8546],[6.1093,49.855],[6.1105,49.8536],[6.1114,49.8516],[6.1118,49.8484],[6.114,49.848],[6.1167,49.8479],[6.1163,49.8458],[6.1164,49.8434],[6.1183,49.8433],[6.1184,49.8429],[6.1208,49.8431],[6.1224,49.8429],[6.1223,49.8424],[6.1251,49.8427],[6.1284,49.8427],[6.1298,49.8429],[6.1311,49.8422],[6.1332,49.8416],[6.1368,49.8396],[6.1373,49.8391],[6.1407,49.837],[6.1428,49.8351],[6.1432,49.8363],[6.1439,49.8371],[6.1436,49.8379],[6.1441,49.8397],[6.1496,49.8411],[6.1516,49.8421],[6.153,49.8438],[6.1528,49.8449],[6.1535,49.846],[6.1532,49.8473],[6.1481,49.8519],[6.1466,49.8524],[6.1465,49.853],[6.1477,49.8547],[6.1479,49.8566],[6.144,49.859],[6.1412,49.861],[6.1409,49.8619],[6.1393,49.8635],[6.1372,49.8625],[6.1335,49.8635],[6.1303,49.8638],[6.1306,49.8652],[6.1318,49.8674],[6.1321,49.8695],[6.1325,49.8701],[6.1296,49.872],[6.1316,49.8757],[6.1301,49.8757],[6.1272,49.8773],[6.1257,49.8775],[6.1237,49.8766],[6.1231,49.877],[6.1218,49.8767],[6.1201,49.8769],[6.1188,49.8762],[6.1175,49.8772],[6.1177,49.8785],[6.1185,49.8795],[6.1188,49.8817],[6.12,49.8835],[6.1199,49.8859],[6.1214,49.8891],[6.1241,49.8896],[6.1247,49.8909],[6.1267,49.8909],[6.1276,49.8934],[6.126,49.8932],[6.1255,49.8952]]]},"properties":{"name":"Erpeldange-sur-Sûre","slug":"erpeldange-sur-sure"}},{"type":"Feature","geometry":{"type":"Polygon","coordinates":[[[6.1276,49.8934],[6.1267,49.8909],[6.1247,49.8909],[6.1241,49.8896],[6.1214,49.8891],[6.1199,49.8859],[6.12,49.8835],[6.1188,49.8817],[6.1185,49.8795],[6.1177,49.8785],[6.1175,49.8772],[6.1188,49.8762],[6.1201,49.8769],[6.1218,49.8767],[6.1231,49.877],[6.1237,49.8766],[6.1257,49.8775],[6.1272,49.8773],[6.1301,49.8757],[6.1316,49.8757],[6.1296,49.872],[6.1325,49.8701],[6.1321,49.8695],[6.1318,49.8674],[6.1306,49.8652],[6.1303,49.8638],[6.1335,49.8635],[6.1372,49.8625],[6.1393,49.8635],[6.1409,49.8619],[6.1412,49.861],[6.144,49.859],[6.1479,49.8566],[6.1477,49.8547],[6.1465,49.853],[6.1466,49.8524],[6.1481,49.8519],[6.1532,49.8473],[6.1535,49.846],[6.1528,49.8449],[6.153,49.8438],[6.1516,49.8421],[6.1496,49.8411],[6.1441,49.8397],[6.1436,49.8379],[6.1439,49.8371],[6.1432,49.8363],[6.1527,49.835],[6.1529,49.8366],[6.1522,49.8384],[6.1555,49.8395],[6.1558,49.8391],[6.1582,49.84],[6.1599,49.8412],[6.1618,49.8421],[6.1635,49.8425],[6.1612,49.8432],[6.1559,49.8432],[6.1558,49.8469],[6.1563,49.848],[6.156,49.8504],[6.1578,49.8516],[6.159,49.8531],[6.1576,49.8559],[6.1586,49.8564],[6.1606,49.858],[6.1624,49.8589],[6.1633,49.8589],[6.165,49.8596],[6.1644,49.8623],[6.1674,49.8627],[6.1679,49.8633],[6.1707,49.8635],[6.1755,49.8643],[6.1763,49.8646],[6.1753,49.8658],[6.176,49.8667],[6.1757,49.8681],[6.1796,49.8686],[6.1787,49.8702],[6.1772,49.87],[6.1764,49.8721],[6.1799,49.8723],[6.1807,49.8725],[6.1799,49.874],[6.1776,49.8738],[6.1777,49.8751],[6.1764,49.8751],[6.1765,49.8769],[6.1752,49.877],[6.1731,49.8779],[6.1692,49.8794],[6.1657,49.8815],[6.1645,49.8824],[6.1615,49.8817],[6.1583,49.8824],[6.1587,49.8829],[6.1548,49.8844],[6.1531,49.886],[6.1516,49.8879],[6.1484,49.8894],[6.1469,49.8905],[6.1468,49.8909],[6.1428,49.89],[6.1402,49.8908],[6.1389,49.8909],[6.138,49.8919],[6.1405,49.8925],[6.1425,49.8925],[6.1433,49.8922],[6.1448,49.893],[6.1464,49.8934],[6.1446,49.8962],[6.1431,49.8958],[6.1411,49.8961],[6.1393,49.8971],[6.1373,49.8976],[6.1355,49.8987],[6.1345,49.8977],[6.1316,49.896],[6.1309,49.8942],[6.1297,49.8944],[6.1291,49.8937],[6.1276,49.8934]]]},"properties":{"name":"Diekirch","slug":"diekirch"}},{"type":"Feature","geometry":{"type":"Polygon","coordinates":[[[6.0416,49.8265],[6.0397,49.8284],[6.0388,49.8303],[6.0381,49.8326],[6.037,49.8354],[6.0342,49.8353],[6.0328,49.837],[6.0324,49.8383],[6.0312,49.839],[6.0293,49.8381],[6.0286,49.8374],[6.0259,49.8381],[6.0269,49.8392],[6.0247,49.8411],[6.0227,49.8405],[6.0202,49.8423],[6.0168,49.8436],[6.016,49.8442],[6.0126,49.8449],[6.0107,49.8446],[6.0079,49.8451],[6.0078,49.8478],[6.0036,49.849],[6.0016,49.8493],[5.9989,49.8502],[5.9956,49.8505],[5.9927,49.8516],[5.989,49.8535],[5.9875,49.8555],[5.9868,49.8574],[5.9813,49.8562],[5.9825,49.8543],[5.9819,49.8538],[5.9827,49.853],[5.9826,49.8525],[5.9842,49.8513],[5.9857,49.8498],[5.9873,49.8468],[5.9873,49.8457],[5.9852,49.8462],[5.9835,49.8455],[5.9821,49.8459],[5.9776,49.8464],[5.9743,49.8472],[5.9736,49.8455],[5.9715,49.8455],[5.9702,49.8431],[5.9734,49.8412],[5.9727,49.8405],[5.9734,49.8394],[5.9765,49.8381],[5.9769,49.8365],[5.9776,49.8363],[5.9771,49.834],[5.9786,49.8333],[5.977,49.8317],[5.9779,49.8311],[5.9784,49.8301],[5.9808,49.83],[5.982,49.8278],[5.981,49.8275],[5.9825,49.8255],[5.9836,49.8253],[5.9846,49.824],[5.9831,49.8233],[5.9814,49.8219],[5.981,49.8207],[5.9793,49.8198],[5.9842,49.8168],[5.986,49.8169],[5.987,49.8175],[5.99,49.8183],[5.9942,49.8184],[6.0007,49.8188],[6.0004,49.8195],[6.0023,49.8201],[6.0039,49.8213],[6.0055,49.822],[6.0059,49.8229],[6.0096,49.8229],[6.0113,49.8233],[6.0155,49.8256],[6.0179,49.8259],[6.0185,49.8271],[6.0219,49.8271],[6.0232,49.8269],[6.0242,49.8253],[6.0259,49.8265],[6.027,49.8259],[6.03,49.8253],[6.0306,49.8258],[6.0268,49.8301],[6.0331,49.8314],[6.0344,49.8316],[6.0339,49.8304],[6.0337,49.8286],[6.0331,49.8272],[6.034,49.8264],[6.0372,49.8245],[6.0404,49.8261],[6.0416,49.8265]]]},"properties":{"name":"Mertzig","slug":"mertzig"}},{"type":"Feature","geometry":{"type":"Polygon","coordinates":[[[6.0381,49.8326],[6.0431,49.833],[6.0462,49.8339],[6.0475,49.8348],[6.0489,49.8348],[6.0495,49.8364],[6.0508,49.838],[6.0536,49.8378],[6.0549,49.837],[6.0559,49.8358],[6.0559,49.8347],[6.0581,49.836],[6.0605,49.8367],[6.0582,49.8377],[6.0582,49.8384],[6.0556,49.8407],[6.0595,49.8429],[6.0603,49.8439],[6.0582,49.8449],[6.0604,49.847],[6.0636,49.8483],[6.0636,49.8504],[6.0642,49.851],[6.068,49.8507],[6.069,49.8516],[6.0689,49.853],[6.068,49.8529],[6.067,49.8553],[6.0646,49.8568],[6.0657,49.8583],[6.0642,49.8588],[6.0644,49.8611],[6.0655,49.8617],[6.0641,49.8648],[6.0629,49.8652],[6.0615,49.8659],[6.063,49.8681],[6.0601,49.8698],[6.0607,49.8703],[6.0577,49.8716],[6.057,49.8735],[6.0571,49.8743],[6.0565,49.8758],[6.0555,49.8764],[6.0563,49.8784],[6.0536,49.8798],[6.05,49.881],[6.0489,49.882],[6.0488,49.8827],[6.0461,49.883],[6.0449,49.8824],[6.043,49.8806],[6.0418,49.8814],[6.039,49.8827],[6.0373,49.8844],[6.0349,49.8861],[6.0321,49.8876],[6.0254,49.8885],[6.0238,49.8894],[6.0241,49.8902],[6.0231,49.891],[6.0222,49.891],[6.0216,49.8891],[6.0213,49.8868],[6.0218,49.8856],[6.0207,49.8854],[6.0198,49.8843],[6.0175,49.8829],[6.0166,49.8812],[6.0152,49.8805],[6.0123,49.8801],[6.011,49.8799],[6.0107,49.8792],[6.0085,49.8795],[6.0069,49.879],[6.005,49.8792],[6.0015,49.8789],[6.0032,49.8782],[6.0021,49.8772],[5.9998,49.8761],[5.9982,49.8766],[5.9971,49.8788],[5.9961,49.8782],[5.9934,49.8772],[5.9946,49.8763],[5.9936,49.875],[5.9924,49.8743],[5.9923,49.8735],[5.993,49.8728],[5.9961,49.873],[5.9965,49.8723],[5.9947,49.87],[5.9935,49.8698],[5.9944,49.8687],[5.9957,49.8664],[5.9978,49.8651],[5.9937,49.8633],[5.9941,49.8625],[5.992,49.8622],[5.99,49.8615],[5.9878,49.8627],[5.9858,49.862],[5.9864,49.8612],[5.9862,49.8603],[5.9866,49.8591],[5.9862,49.8586],[5.9868,49.8574],[5.9875,49.8555],[5.989,49.8535],[5.9927,49.8516],[5.9956,49.8505],[5.9989,49.8502],[6.0016,49.8493],[6.0036,49.849],[6.0078,49.8478],[6.0079,49.8451],[6.0107,49.8446],[6.0126,49.8449],[6.016,49.8442],[6.0168,49.8436],[6.0202,49.8423],[6.0227,49.8405],[6.0247,49.8411],[6.0269,49.8392],[6.0259,49.8381],[6.0286,49.8374],[6.0293,49.8381],[6.0312,49.839],[6.0324,49.8383],[6.0328,49.837],[6.0342,49.8353],[6.037,49.8354],[6.0381,49.8326]]]},"properties":{"name":"Feulen","slug":"feulen"}},{"type":"Feature","geometry":{"type":"Polygon","coordinates":[[[6.1171,49.9192],[6.1164,49.9189],[6.1124,49.9187],[6.1103,49.9191],[6.1089,49.9197],[6.1088,49.9206],[6.1045,49.9221],[6.101,49.9229],[6.0999,49.9239],[6.0984,49.9243],[6.0964,49.9242],[6.0958,49.9245],[6.0953,49.9265],[6.0962,49.9274],[6.0945,49.929],[6.0943,49.9309],[6.0952,49.9317],[6.094,49.9326],[6.0928,49.9322],[6.0915,49.9325],[6.0897,49.9323],[6.0876,49.9342],[6.0874,49.9333],[6.0845,49.934],[6.0819,49.9335],[6.0789,49.9324],[6.0759,49.9327],[6.0739,49.9334],[6.0737,49.9339],[6.0713,49.9345],[6.0686,49.9342],[6.068,49.9348],[6.0654,49.935],[6.0648,49.9383],[6.0633,49.9414],[6.0651,49.9443],[6.0643,49.9459],[6.0627,49.9469],[6.063,49.9484],[6.0641,49.9491],[6.0654,49.9492],[6.0654,49.9505],[6.0649,49.9513],[6.0629,49.9523],[6.0627,49.9531],[6.0646,49.954],[6.0638,49.9547],[6.0611,49.9553],[6.0565,49.9539],[6.0545,49.9539],[6.0507,49.9524],[6.0521,49.9516],[6.0541,49.9514],[6.0504,49.9481],[6.0457,49.9487],[6.0404,49.9471],[6.038,49.9455],[6.0368,49.9441],[6.0367,49.9429],[6.0376,49.9401],[6.0382,49.9389],[6.04,49.9384],[6.0416,49.9386],[6.0408,49.9364],[6.0409,49.9349],[6.0418,49.934],[6.0438,49.9336],[6.0443,49.9332],[6.0435,49.9312],[6.0439,49.9304],[6.0471,49.9289],[6.0481,49.9275],[6.0493,49.924],[6.0465,49.9249],[6.0411,49.926],[6.039,49.9258],[6.0382,49.9246],[6.0393,49.9228],[6.0397,49.9214],[6.0394,49.9196],[6.0379,49.9192],[6.0373,49.9202],[6.0362,49.9196],[6.0349,49.9195],[6.032,49.9185],[6.0291,49.9166],[6.0273,49.9157],[6.0224,49.9159],[6.0206,49.9147],[6.0216,49.9135],[6.0209,49.9115],[6.0191,49.9102],[6.0186,49.9094],[6.0215,49.9087],[6.0196,49.9052],[6.0175,49.9039],[6.0165,49.9028],[6.0184,49.9022],[6.0199,49.9014],[6.0203,49.9],[6.0177,49.8993],[6.0164,49.8983],[6.0146,49.8977],[6.014,49.8964],[6.0141,49.8946],[6.0158,49.8945],[6.0159,49.8938],[6.0114,49.8933],[6.0124,49.8925],[6.0149,49.8919],[6.0125,49.8914],[6.0134,49.8897],[6.0128,49.8883],[6.0131,49.887],[6.0138,49.8861],[6.0138,49.8833],[6.0115,49.8811],[6.0123,49.8801],[6.0152,49.8805],[6.0166,49.8812],[6.0175,49.8829],[6.0198,49.8843],[6.0207,49.8854],[6.0218,49.8856],[6.0213,49.8868],[6.0216,49.8891],[6.0222,49.891],[6.0231,49.891],[6.0241,49.8902],[6.0238,49.8894],[6.0254,49.8885],[6.0321,49.8876],[6.0349,49.8861],[6.0373,49.8844],[6.039,49.8827],[6.0418,49.8814],[6.043,49.8806],[6.0449,49.8824],[6.0461,49.883],[6.0488,49.8827],[6.0489,49.882],[6.05,49.881],[6.0536,49.8798],[6.0563,49.8784],[6.0555,49.8764],[6.0565,49.8758],[6.0571,49.8743],[6.057,49.8735],[6.0577,49.8716],[6.0607,49.8703],[6.0601,49.8698],[6.063,49.8681],[6.0615,49.8659],[6.0629,49.8652],[6.0629,49.8656],[6.0671,49.8656],[6.069,49.8661],[6.0714,49.8675],[6.0745,49.8674],[6.0763,49.8677],[6.0789,49.8677],[6.0795,49.8684],[6.0787,49.87],[6.0794,49.8715],[6.0775,49.8723],[6.0765,49.8732],[6.0762,49.8742],[6.0754,49.8749],[6.0758,49.8763],[6.0769,49.8784],[6.0756,49.8798],[6.0762,49.882],[6.0749,49.8833],[6.0735,49.8833],[6.0725,49.8838],[6.0743,49.8846],[6.0755,49.8856],[6.0745,49.8867],[6.0751,49.8876],[6.0789,49.889],[6.0793,49.8896],[6.0781,49.8903],[6.0768,49.8922],[6.0767,49.8933],[6.0745,49.8943],[6.0756,49.8951],[6.0723,49.8972],[6.0718,49.8986],[6.0732,49.899],[6.0747,49.8984],[6.0754,49.8993],[6.0766,49.9017],[6.0792,49.9031],[6.0809,49.9032],[6.084,49.9029],[6.0851,49.9003],[6.0873,49.8982],[6.0886,49.8964],[6.0909,49.8956],[6.0925,49.8945],[6.0938,49.8928],[6.0966,49.8915],[6.0974,49.8904],[6.0968,49.8897],[6.0947,49.8892],[6.0941,49.8882],[6.096,49.8873],[6.0997,49.8873],[6.1012,49.8878],[6.1028,49.891],[6.1047,49.8928],[6.1067,49.8964],[6.1089,49.8973],[6.1139,49.8973],[6.1163,49.8966],[6.1165,49.8955],[6.1205,49.8951],[6.1199,49.8942],[6.1242,49.8947],[6.1255,49.8952],[6.1261,49.896],[6.1272,49.8984],[6.1306,49.9006],[6.1316,49.9023],[6.1303,49.9026],[6.1272,49.9027],[6.1248,49.9025],[6.1218,49.903],[6.1204,49.9036],[6.1171,49.9057],[6.1192,49.9078],[6.1184,49.9091],[6.116,49.9089],[6.1124,49.908],[6.1102,49.9096],[6.1123,49.9097],[6.1132,49.9101],[6.1136,49.9119],[6.1159,49.9117],[6.1153,49.9124],[6.1145,49.9154],[6.1135,49.9169],[6.1149,49.9173],[6.1167,49.9183],[6.1171,49.9192]]]},"properties":{"name":"Bourscheid","slug":"bourscheid"}},{"type":"Feature","geometry":{"type":"Polygon","coordinates":[[[6.0725,49.83],[6.0762,49.83],[6.081,49.8297],[6.0843,49.8286],[6.086,49.8297],[6.087,49.8299],[6.0928,49.8302],[6.0937,49.8309],[6.0937,49.832],[6.0924,49.8346],[6.0925,49.8361],[6.0939,49.8371],[6.0957,49.8369],[6.0958,49.8376],[6.0997,49.8371],[6.1008,49.8385],[6.1034,49.8377],[6.1054,49.838],[6.1087,49.837],[6.1104,49.8374],[6.1134,49.8385],[6.1148,49.8378],[6.1146,49.8406],[6.1135,49.843],[6.1164,49.8434],[6.1163,49.8458],[6.1167,49.8479],[6.114,49.848],[6.1118,49.8484],[6.1114,49.8516],[6.1105,49.8536],[6.1093,49.855],[6.1085,49.8546],[6.1073,49.856],[6.1065,49.8563],[6.1058,49.8574],[6.1044,49.8581],[6.1023,49.8598],[6.1012,49.8619],[6.1024,49.8642],[6.1005,49.8646],[6.0983,49.8659],[6.097,49.8675],[6.096,49.8699],[6.0956,49.8721],[6.0947,49.8715],[6.0931,49.8713],[6.0902,49.8724],[6.0897,49.8734],[6.0887,49.8729],[6.0875,49.8733],[6.0881,49.8742],[6.0878,49.8753],[6.0845,49.8757],[6.0839,49.8747],[6.082,49.8749],[6.0804,49.8744],[6.0795,49.8754],[6.0802,49.8761],[6.0769,49.8772],[6.0758,49.8763],[6.0754,49.8749],[6.0762,49.8742],[6.0765,49.8732],[6.0775,49.8723],[6.0794,49.8715],[6.0787,49.87],[6.0795,49.8684],[6.0789,49.8677],[6.0763,49.8677],[6.0745,49.8674],[6.0714,49.8675],[6.069,49.8661],[6.0671,49.8656],[6.0629,49.8656],[6.0629,49.8652],[6.0641,49.8648],[6.0655,49.8617],[6.0644,49.8611],[6.0642,49.8588],[6.0657,49.8583],[6.0646,49.8568],[6.067,49.8553],[6.068,49.8529],[6.0689,49.853],[6.069,49.8516],[6.068,49.8507],[6.0642,49.851],[6.0636,49.8504],[6.0636,49.8483],[6.0604,49.847],[6.0582,49.8449],[6.0603,49.8439],[6.0595,49.8429],[6.0556,49.8407],[6.0582,49.8384],[6.0582,49.8377],[6.0605,49.8367],[6.0581,49.836],[6.0559,49.8347],[6.0559,49.8358],[6.0549,49.837],[6.0536,49.8378],[6.0508,49.838],[6.0495,49.8364],[6.0489,49.8348],[6.0475,49.8348],[6.0462,49.8339],[6.0431,49.833],[6.0381,49.8326],[6.0388,49.8303],[6.0397,49.8284],[6.0416,49.8265],[6.0451,49.8267],[6.049,49.8244],[6.0515,49.8253],[6.0502,49.8266],[6.0529,49.8276],[6.0564,49.8287],[6.0588,49.83],[6.062,49.8306],[6.0646,49.8344],[6.0654,49.8342],[6.0639,49.832],[6.0644,49.8304],[6.0659,49.8302],[6.0725,49.83]]]},"properties":{"name":"Ettelbruck","slug":"ettelbruck"}},{"type":"Feature","geometry":{"type":"Polygon","coordinates":[[[6.1799,49.8723],[6.1764,49.8721],[6.1772,49.87],[6.1787,49.8702],[6.1796,49.8686],[6.1757,49.8681],[6.176,49.8667],[6.1753,49.8658],[6.1763,49.8646],[6.1755,49.8643],[6.1707,49.8635],[6.1679,49.8633],[6.1674,49.8627],[6.1644,49.8623],[6.165,49.8596],[6.1633,49.8589],[6.1624,49.8589],[6.1606,49.858],[6.1586,49.8564],[6.1576,49.8559],[6.159,49.8531],[6.1578,49.8516],[6.156,49.8504],[6.1563,49.848],[6.1558,49.8469],[6.1559,49.8432],[6.1612,49.8432],[6.1635,49.8425],[6.1653,49.8422],[6.1693,49.8425],[6.1738,49.8434],[6.1743,49.8439],[6.1781,49.8455],[6.1809,49.8463],[6.1828,49.8466],[6.1852,49.8465],[6.1873,49.846],[6.1905,49.8476],[6.1934,49.8494],[6.1971,49.8519],[6.1983,49.8533],[6.2013,49.8545],[6.2022,49.8545],[6.2043,49.8538],[6.2053,49.8538],[6.2084,49.8535],[6.2113,49.8531],[6.2127,49.8525],[6.215,49.8512],[6.2172,49.8505],[6.2187,49.8492],[6.2238,49.8499],[6.2269,49.8498],[6.229,49.8495],[6.2326,49.8495],[6.233,49.8492],[6.237,49.8494],[6.2376,49.8498],[6.2384,49.8515],[6.2399,49.8525],[6.2414,49.8529],[6.2424,49.8541],[6.2435,49.8546],[6.244,49.8553],[6.2464,49.855],[6.2472,49.8567],[6.2481,49.8576],[6.2471,49.8583],[6.2504,49.859],[6.2507,49.8601],[6.2503,49.8606],[6.252,49.8612],[6.2517,49.8617],[6.2492,49.861],[6.2483,49.8617],[6.2474,49.8638],[6.2475,49.8655],[6.2463,49.8668],[6.2454,49.8684],[6.2461,49.8695],[6.25,49.8725],[6.2512,49.8731],[6.2513,49.8775],[6.25,49.8795],[6.2483,49.8812],[6.2498,49.8835],[6.2473,49.8848],[6.2429,49.8864],[6.2413,49.8867],[6.2369,49.888],[6.2345,49.8889],[6.2339,49.8896],[6.2328,49.892],[6.2306,49.8927],[6.2287,49.8927],[6.2258,49.8926],[6.2186,49.8933],[6.2173,49.8931],[6.2139,49.8911],[6.2102,49.8891],[6.2084,49.8878],[6.2053,49.8886],[6.2044,49.8879],[6.2024,49.8883],[6.2007,49.8865],[6.1999,49.8861],[6.1984,49.8844],[6.1938,49.8862],[6.193,49.8871],[6.1905,49.8836],[6.1902,49.8815],[6.189,49.8799],[6.1879,49.8798],[6.1902,49.8746],[6.1895,49.873],[6.1885,49.8724],[6.1896,49.8708],[6.1885,49.8707],[6.1879,49.8715],[6.1865,49.8717],[6.1852,49.8729],[6.1843,49.8731],[6.1799,49.8723]]]},"properties":{"name":"Bettendorf","slug":"bettendorf"}},{"type":"Feature","geometry":{"type":"Polygon","coordinates":[[[6.1457,49.8267],[6.1464,49.8277],[6.1471,49.8299],[6.147,49.832],[6.146,49.833],[6.1437,49.8342],[6.1428,49.8351],[6.1407,49.837],[6.1373,49.8391],[6.1368,49.8396],[6.1332,49.8416],[6.1311,49.8422],[6.1298,49.8429],[6.1284,49.8427],[6.1251,49.8427],[6.1223,49.8424],[6.1224,49.8429],[6.1208,49.8431],[6.1184,49.8429],[6.1183,49.8433],[6.1164,49.8434],[6.1135,49.843],[6.1146,49.8406],[6.1148,49.8378],[6.1134,49.8385],[6.1104,49.8374],[6.1087,49.837],[6.1054,49.838],[6.1034,49.8377],[6.1008,49.8385],[6.0997,49.8371],[6.0958,49.8376],[6.0957,49.8369],[6.0939,49.8371],[6.0925,49.8361],[6.0924,49.8346],[6.0937,49.832],[6.0937,49.8309],[6.0928,49.8302],[6.087,49.8299],[6.086,49.8297],[6.0843,49.8286],[6.081,49.8297],[6.0762,49.83],[6.0725,49.83],[6.0747,49.829],[6.0735,49.8278],[6.0738,49.8264],[6.0728,49.8254],[6.0771,49.8247],[6.0821,49.8231],[6.0847,49.8225],[6.0909,49.8229],[6.0927,49.8223],[6.0942,49.8215],[6.0951,49.8206],[6.0965,49.8181],[6.0945,49.8169],[6.095,49.816],[6.0963,49.8151],[6.101,49.8146],[6.1038,49.815],[6.1056,49.8144],[6.1081,49.8128],[6.1082,49.8117],[6.1093,49.8104],[6.1121,49.8109],[6.1155,49.8122],[6.1176,49.8134],[6.1197,49.8141],[6.1229,49.8155],[6.124,49.8158],[6.1262,49.8171],[6.1277,49.8175],[6.1283,49.8181],[6.1317,49.8195],[6.1329,49.8204],[6.1346,49.8212],[6.1399,49.8243],[6.1436,49.8256],[6.1457,49.8267]]]},"properties":{"name":"Schieren","slug":"schieren"}},{"type":"Feature","geometry":{"type":"Polygon","coordinates":[[[6.1075,49.7913],[6.1017,49.789],[6.101,49.7879],[6.0977,49.7866],[6.0978,49.785],[6.0962,49.7844],[6.096,49.7832],[6.0972,49.7809],[6.0993,49.7808],[6.0964,49.7785],[6.0928,49.7775],[6.0888,49.7766],[6.0824,49.7747],[6.0804,49.7736],[6.079,49.7723],[6.0781,49.7687],[6.0787,49.7679],[6.0761,49.7676],[6.0722,49.7689],[6.0701,49.7701],[6.0679,49.7704],[6.0669,49.771],[6.0638,49.7714],[6.0606,49.7711],[6.0586,49.7706],[6.055,49.7691],[6.0525,49.7689],[6.0524,49.7682],[6.0498,49.7668],[6.0481,49.7661],[6.0443,49.764],[6.0448,49.7631],[6.0436,49.7626],[6.0424,49.7638],[6.0416,49.7619],[6.0405,49.7598],[6.0414,49.7586],[6.0432,49.7581],[6.0437,49.7557],[6.0442,49.7548],[6.0445,49.7522],[6.0434,49.7504],[6.0416,49.7496],[6.0401,49.7484],[6.0421,49.7472],[6.0413,49.7469],[6.0389,49.7467],[6.0379,49.7458],[6.0385,49.7455],[6.0373,49.7433],[6.0404,49.7386],[6.0403,49.7379],[6.0412,49.7355],[6.0418,49.735],[6.0429,49.7331],[6.044,49.7327],[6.045,49.7313],[6.0476,49.7304],[6.0485,49.7298],[6.0512,49.7288],[6.0541,49.7284],[6.0548,49.7274],[6.0562,49.7266],[6.0569,49.7257],[6.0567,49.7243],[6.0572,49.7228],[6.0592,49.7212],[6.0612,49.7222],[6.0627,49.7232],[6.0667,49.725],[6.0704,49.7224],[6.0728,49.7196],[6.0739,49.718],[6.0717,49.7174],[6.0703,49.7175],[6.0693,49.7166],[6.0704,49.7161],[6.0733,49.7164],[6.0737,49.7168],[6.0783,49.7166],[6.0838,49.715],[6.0817,49.7142],[6.0793,49.7099],[6.0782,49.7076],[6.077,49.7065],[6.0744,49.7022],[6.072,49.6988],[6.0728,49.6984],[6.0717,49.6966],[6.0729,49.6956],[6.0752,49.6943],[6.081,49.6955],[6.0821,49.6959],[6.0832,49.6968],[6.086,49.6981],[6.0868,49.6987],[6.0904,49.6987],[6.091,49.6976],[6.0902,49.6958],[6.0906,49.6949],[6.0909,49.6931],[6.0925,49.6932],[6.093,49.6953],[6.0932,49.6973],[6.0937,49.6987],[6.0936,49.6999],[6.0962,49.7007],[6.1015,49.7035],[6.105,49.7056],[6.1062,49.7084],[6.106,49.7094],[6.1049,49.7103],[6.1042,49.7124],[6.1053,49.7143],[6.106,49.7163],[6.1056,49.7176],[6.1021,49.7201],[6.0995,49.7215],[6.1005,49.7221],[6.1015,49.7249],[6.1012,49.7259],[6.1023,49.7296],[6.1036,49.731],[6.1066,49.7315],[6.1054,49.7331],[6.1041,49.7338],[6.104,49.7344],[6.1027,49.7352],[6.1022,49.7361],[6.1023,49.7378],[6.1056,49.7408],[6.1073,49.7407],[6.1088,49.74],[6.1109,49.7382],[6.1125,49.7383],[6.1122,49.737],[6.1125,49.7358],[6.1141,49.7358],[6.1155,49.7333],[6.1174,49.7322],[6.1183,49.7306],[6.1183,49.729],[6.1175,49.7281],[6.1184,49.7261],[6.1229,49.7266],[6.1233,49.7277],[6.1303,49.7289],[6.131,49.7293],[6.1329,49.7319],[6.1352,49.7344],[6.1392,49.7365],[6.1426,49.7376],[6.1472,49.7383],[6.151,49.7396],[6.1567,49.7438],[6.1571,49.7446],[6.156,49.7469],[6.1579,49.7492],[6.156,49.7496],[6.1584,49.7507],[6.1585,49.7529],[6.1565,49.7529],[6.1496,49.751],[6.1505,49.7497],[6.1485,49.7488],[6.1474,49.7488],[6.1462,49.7503],[6.1417,49.7538],[6.1469,49.7564],[6.1523,49.7582],[6.1518,49.7587],[6.1504,49.7587],[6.1474,49.7577],[6.1456,49.758],[6.1471,49.7588],[6.1467,49.7613],[6.1479,49.7618],[6.147,49.7627],[6.1511,49.7653],[6.15,49.7663],[6.1507,49.7666],[6.1505,49.7678],[6.1522,49.7679],[6.1546,49.769],[6.1523,49.7711],[6.1512,49.7725],[6.1494,49.772],[6.149,49.7761],[6.1481,49.777],[6.1467,49.7774],[6.1476,49.7781],[6.1464,49.779],[6.1442,49.7815],[6.1425,49.7812],[6.1411,49.7801],[6.1406,49.782],[6.1397,49.7826],[6.1401,49.7845],[6.1387,49.7857],[6.1378,49.7852],[6.1334,49.7906],[6.1327,49.7902],[6.1297,49.7901],[6.1285,49.7893],[6.1269,49.7891],[6.1253,49.7882],[6.1233,49.7879],[6.1211,49.7886],[6.12,49.7896],[6.1202,49.7912],[6.1175,49.7906],[6.1137,49.7907],[6.1092,49.7896],[6.1078,49.7895],[6.1075,49.7913]]]},"properties":{"name":"Mersch","slug":"mersch"}},{"type":"Feature","geometry":{"type":"Polygon","coordinates":[[[5.9467,49.8155],[5.9471,49.8146],[5.9467,49.8134],[5.9472,49.8126],[5.95,49.8132],[5.9509,49.8122],[5.9525,49.8115],[5.9534,49.8119],[5.956,49.8113],[5.9563,49.8117],[5.9596,49.811],[5.9615,49.8104],[5.9627,49.8097],[5.9641,49.8096],[5.9639,49.8118],[5.9646,49.8121],[5.9678,49.8117],[5.9691,49.8118],[5.9695,49.813],[5.9731,49.8141],[5.9746,49.8136],[5.9778,49.8132],[5.9787,49.8128],[5.9812,49.8128],[5.982,49.813],[5.9842,49.8128],[5.9847,49.8139],[5.9846,49.8154],[5.986,49.8169],[5.9842,49.8168],[5.9793,49.8198],[5.981,49.8207],[5.9814,49.8219],[5.9831,49.8233],[5.9846,49.824],[5.9836,49.8253],[5.9825,49.8255],[5.981,49.8275],[5.982,49.8278],[5.9808,49.83],[5.9784,49.8301],[5.9779,49.8311],[5.977,49.8317],[5.9786,49.8333],[5.9771,49.834],[5.9776,49.8363],[5.9769,49.8365],[5.9765,49.8381],[5.9734,49.8394],[5.9727,49.8405],[5.9734,49.8412],[5.9702,49.8431],[5.9715,49.8455],[5.9736,49.8455],[5.9743,49.8472],[5.9776,49.8464],[5.9821,49.8459],[5.9835,49.8455],[5.9852,49.8462],[5.9873,49.8457],[5.9873,49.8468],[5.9857,49.8498],[5.9842,49.8513],[5.9826,49.8525],[5.9827,49.853],[5.9817,49.8524],[5.9796,49.8534],[5.9781,49.8554],[5.9777,49.8566],[5.9764,49.8575],[5.9759,49.8588],[5.9763,49.8597],[5.975,49.8607],[5.9728,49.8605],[5.9708,49.8601],[5.9695,49.8602],[5.9673,49.861],[5.9669,49.8622],[5.9658,49.8636],[5.9649,49.8656],[5.9643,49.8662],[5.9629,49.8662],[5.9619,49.8657],[5.9607,49.8663],[5.9572,49.8666],[5.957,49.8672],[5.9545,49.8686],[5.9506,49.8691],[5.948,49.8704],[5.9454,49.8707],[5.9429,49.8703],[5.9406,49.8703],[5.9381,49.8705],[5.9366,49.8703],[5.9343,49.868],[5.9325,49.8669],[5.9314,49.8668],[5.9309,49.8658],[5.929,49.8645],[5.9282,49.8636],[5.9265,49.8599],[5.925,49.8592],[5.9226,49.8591],[5.9216,49.8588],[5.9204,49.8578],[5.9197,49.8567],[5.9213,49.8545],[5.9212,49.8536],[5.9203,49.8528],[5.9175,49.8515],[5.9167,49.8504],[5.915,49.8499],[5.9176,49.8472],[5.9203,49.844],[5.9225,49.8423],[5.9248,49.8415],[5.9275,49.8401],[5.9291,49.8404],[5.9337,49.839],[5.9359,49.8379],[5.9371,49.8358],[5.9383,49.831],[5.9402,49.8294],[5.9405,49.8282],[5.9419,49.8269],[5.9433,49.8264],[5.9443,49.8253],[5.9449,49.8232],[5.9484,49.8236],[5.9492,49.821],[5.9466,49.8189],[5.9478,49.8183],[5.948,49.8176],[5.9461,49.8167],[5.9467,49.8155]]]},"properties":{"name":"Grosbous","slug":"grosbous"}},{"type":"Feature","geometry":{"type":"Polygon","coordinates":[[[5.9075,49.8194],[5.9067,49.8191],[5.9055,49.8177],[5.9058,49.8172],[5.9037,49.8161],[5.9028,49.8152],[5.9037,49.8142],[5.9025,49.8131],[5.9026,49.8125],[5.9044,49.8116],[5.9021,49.8115],[5.9017,49.8108],[5.9043,49.8104],[5.9056,49.8099],[5.9059,49.809],[5.9044,49.8092],[5.9039,49.8087],[5.901,49.8076],[5.9019,49.806],[5.9031,49.8055],[5.904,49.8038],[5.9041,49.8018],[5.9019,49.8016],[5.9045,49.7975],[5.9054,49.7978],[5.9088,49.7963],[5.9095,49.7967],[5.9108,49.7952],[5.9118,49.7922],[5.9116,49.7911],[5.9124,49.7901],[5.9151,49.7891],[5.9141,49.7885],[5.9171,49.7872],[5.9195,49.7865],[5.9212,49.7864],[5.9213,49.7853],[5.9235,49.7855],[5.9238,49.7845],[5.9259,49.7847],[5.9266,49.7834],[5.9302,49.7836],[5.9303,49.7827],[5.9311,49.7821],[5.9315,49.78],[5.9329,49.7802],[5.9334,49.7792],[5.9328,49.7787],[5.9349,49.7786],[5.9378,49.7792],[5.94,49.7793],[5.9455,49.7816],[5.944,49.7826],[5.9469,49.7835],[5.9501,49.7843],[5.9499,49.785],[5.9525,49.7852],[5.9527,49.7846],[5.956,49.785],[5.9563,49.7862],[5.9557,49.7869],[5.9594,49.787],[5.9594,49.7874],[5.9625,49.7879],[5.9612,49.7903],[5.9624,49.7909],[5.9614,49.792],[5.9629,49.7928],[5.9619,49.7934],[5.9621,49.7943],[5.9633,49.7951],[5.9636,49.7967],[5.9653,49.7983],[5.9647,49.7987],[5.9663,49.8005],[5.9657,49.8011],[5.9654,49.8043],[5.968,49.8047],[5.9671,49.8052],[5.9643,49.8083],[5.9661,49.8094],[5.9664,49.8099],[5.969,49.81],[5.9691,49.8118],[5.9678,49.8117],[5.9646,49.8121],[5.9639,49.8118],[5.9641,49.8096],[5.9627,49.8097],[5.9615,49.8104],[5.9596,49.811],[5.9563,49.8117],[5.956,49.8113],[5.9534,49.8119],[5.9525,49.8115],[5.9509,49.8122],[5.95,49.8132],[5.9472,49.8126],[5.9467,49.8134],[5.9471,49.8146],[5.9467,49.8155],[5.9457,49.8157],[5.942,49.8155],[5.942,49.816],[5.9392,49.8159],[5.9389,49.8168],[5.9344,49.8177],[5.9299,49.8195],[5.9251,49.8239],[5.9196,49.8252],[5.9152,49.8252],[5.9122,49.8247],[5.9107,49.8249],[5.9094,49.8254],[5.9095,49.8241],[5.9087,49.8216],[5.9085,49.8197],[5.9075,49.8194]]]},"properties":{"name":"Préizerdaul","slug":"preizerdaul"}},{"type":"Feature","geometry":{"type":"Polygon","coordinates":[[[6.0408,49.8228],[6.0412,49.8242],[6.0404,49.8261],[6.0372,49.8245],[6.034,49.8264],[6.0331,49.8272],[6.0337,49.8286],[6.0339,49.8304],[6.0344,49.8316],[6.0331,49.8314],[6.0268,49.8301],[6.0306,49.8258],[6.03,49.8253],[6.027,49.8259],[6.0259,49.8265],[6.0242,49.8253],[6.0232,49.8269],[6.0219,49.8271],[6.0185,49.8271],[6.0179,49.8259],[6.0155,49.8256],[6.0113,49.8233],[6.0096,49.8229],[6.0059,49.8229],[6.0055,49.822],[6.0039,49.8213],[6.0023,49.8201],[6.0004,49.8195],[6.0007,49.8188],[5.9942,49.8184],[5.99,49.8183],[5.987,49.8175],[5.986,49.8169],[5.9846,49.8154],[5.9847,49.8139],[5.9842,49.8128],[5.982,49.813],[5.9812,49.8128],[5.9787,49.8128],[5.9778,49.8132],[5.9746,49.8136],[5.9731,49.8141],[5.9695,49.813],[5.9691,49.8118],[5.969,49.81],[5.9664,49.8099],[5.9661,49.8094],[5.9768,49.8086],[5.9745,49.8064],[5.9741,49.8042],[5.9736,49.8033],[5.9756,49.8021],[5.9786,49.8009],[5.9799,49.8008],[5.9815,49.7988],[5.983,49.7985],[5.9852,49.7972],[5.9878,49.798],[5.9899,49.796],[5.9967,49.7919],[5.9966,49.7914],[5.9981,49.7904],[6.0006,49.7875],[6.0036,49.7889],[6.0054,49.7871],[6.0064,49.7874],[6.0099,49.7868],[6.0136,49.787],[6.0135,49.7889],[6.0126,49.7902],[6.0145,49.791],[6.0156,49.7936],[6.0152,49.7954],[6.019,49.7963],[6.0207,49.7968],[6.0195,49.7985],[6.0255,49.8],[6.0264,49.8005],[6.0287,49.8008],[6.0291,49.8013],[6.0351,49.8034],[6.0386,49.8038],[6.0369,49.8048],[6.0306,49.8077],[6.0306,49.8089],[6.0283,49.8096],[6.0279,49.8104],[6.0289,49.8116],[6.0286,49.8127],[6.0298,49.8139],[6.0316,49.8169],[6.0323,49.8197],[6.0365,49.822],[6.0408,49.8228]]]},"properties":{"name":"Vichten","slug":"vichten"}},{"type":"Feature","geometry":{"type":"Polygon","coordinates":[[[6.0054,49.7871],[6.0036,49.7889],[6.0006,49.7875],[5.9981,49.7904],[5.9966,49.7914],[5.9967,49.7919],[5.9899,49.796],[5.9878,49.798],[5.9852,49.7972],[5.983,49.7985],[5.9815,49.7988],[5.9799,49.8008],[5.9786,49.8009],[5.9756,49.8021],[5.9736,49.8033],[5.9741,49.8042],[5.9745,49.8064],[5.9768,49.8086],[5.9661,49.8094],[5.9643,49.8083],[5.9671,49.8052],[5.968,49.8047],[5.9654,49.8043],[5.9657,49.8011],[5.9663,49.8005],[5.9647,49.7987],[5.9653,49.7983],[5.9636,49.7967],[5.9633,49.7951],[5.9621,49.7943],[5.9619,49.7934],[5.9629,49.7928],[5.9614,49.792],[5.9624,49.7909],[5.9612,49.7903],[5.9625,49.7879],[5.9594,49.7874],[5.9594,49.787],[5.9557,49.7869],[5.9563,49.7862],[5.956,49.785],[5.9527,49.7846],[5.9525,49.7852],[5.9499,49.785],[5.9501,49.7843],[5.9469,49.7835],[5.944,49.7826],[5.9455,49.7816],[5.94,49.7793],[5.9378,49.7792],[5.9349,49.7786],[5.9328,49.7787],[5.9313,49.7786],[5.9331,49.7768],[5.9362,49.7759],[5.9388,49.7739],[5.938,49.7738],[5.9356,49.7755],[5.9338,49.7762],[5.9326,49.7753],[5.9318,49.774],[5.9324,49.7733],[5.9296,49.771],[5.9268,49.7698],[5.9249,49.7688],[5.922,49.7662],[5.9264,49.7652],[5.9277,49.7669],[5.9287,49.7672],[5.9311,49.7641],[5.9314,49.763],[5.9308,49.7624],[5.9286,49.762],[5.9297,49.7612],[5.9327,49.7605],[5.9308,49.7591],[5.9319,49.7583],[5.9295,49.7578],[5.9318,49.756],[5.9342,49.7549],[5.9345,49.7533],[5.9337,49.7516],[5.9344,49.7502],[5.936,49.7492],[5.9363,49.7477],[5.9376,49.7475],[5.9412,49.7485],[5.9417,49.7466],[5.9424,49.7455],[5.9436,49.746],[5.9458,49.7436],[5.9437,49.743],[5.9426,49.7424],[5.9436,49.7405],[5.9444,49.7397],[5.9457,49.7395],[5.9459,49.7385],[5.9414,49.7366],[5.9384,49.7358],[5.9383,49.7353],[5.9397,49.7334],[5.9377,49.7327],[5.9383,49.7313],[5.9403,49.7305],[5.9419,49.7315],[5.9429,49.7321],[5.9463,49.7332],[5.9477,49.7334],[5.9482,49.734],[5.9473,49.7362],[5.9486,49.7366],[5.9469,49.7388],[5.9482,49.7394],[5.9498,49.738],[5.9519,49.7392],[5.9532,49.7385],[5.954,49.7374],[5.9539,49.7365],[5.9547,49.7359],[5.9573,49.7361],[5.9574,49.7372],[5.9579,49.7377],[5.9545,49.74],[5.9545,49.7406],[5.9587,49.742],[5.9587,49.7435],[5.9579,49.7443],[5.959,49.7446],[5.9597,49.7441],[5.9614,49.7447],[5.9609,49.7455],[5.9646,49.7463],[5.9632,49.7475],[5.9645,49.7491],[5.9667,49.7502],[5.9671,49.7515],[5.973,49.7538],[5.9746,49.754],[5.9753,49.7527],[5.9779,49.7523],[5.978,49.7534],[5.98,49.7531],[5.9824,49.7532],[5.9841,49.7528],[5.986,49.7517],[5.987,49.7523],[5.9884,49.7522],[5.9897,49.754],[5.9898,49.755],[5.9928,49.7568],[5.9937,49.7582],[5.9961,49.7598],[5.9955,49.7605],[5.9998,49.7619],[5.9986,49.7644],[5.9981,49.7644],[5.9974,49.7662],[5.9968,49.7682],[5.9972,49.7691],[5.997,49.7703],[5.9981,49.7719],[5.9991,49.7717],[5.9998,49.7723],[6.0028,49.7731],[5.9987,49.775],[6.0008,49.7767],[6.0003,49.7784],[5.9983,49.7807],[5.9991,49.7811],[5.9977,49.7819],[5.999,49.7827],[5.9985,49.7836],[6.0018,49.7854],[6.0014,49.7859],[6.0031,49.7866],[6.0054,49.7871]]]},"properties":{"name":"Useldange","slug":"useldange"}},{"type":"Feature","geometry":{"type":"Polygon","coordinates":[[[5.9884,49.7522],[5.987,49.7523],[5.986,49.7517],[5.9841,49.7528],[5.9824,49.7532],[5.98,49.7531],[5.978,49.7534],[5.9779,49.7523],[5.9753,49.7527],[5.9746,49.754],[5.973,49.7538],[5.9671,49.7515],[5.9667,49.7502],[5.9645,49.7491],[5.9632,49.7475],[5.9646,49.7463],[5.9609,49.7455],[5.9614,49.7447],[5.9597,49.7441],[5.959,49.7446],[5.9579,49.7443],[5.9587,49.7435],[5.9587,49.742],[5.9545,49.7406],[5.9545,49.74],[5.9579,49.7377],[5.9574,49.7372],[5.9573,49.7361],[5.9547,49.7359],[5.9539,49.7365],[5.954,49.7374],[5.9532,49.7385],[5.9519,49.7392],[5.9498,49.738],[5.9482,49.7394],[5.9469,49.7388],[5.9486,49.7366],[5.9473,49.7362],[5.9482,49.734],[5.9477,49.7334],[5.9463,49.7332],[5.9429,49.7321],[5.9419,49.7315],[5.9437,49.7293],[5.9468,49.7298],[5.9471,49.7292],[5.9444,49.728],[5.9458,49.7263],[5.9448,49.7261],[5.9452,49.7251],[5.9449,49.724],[5.9434,49.7237],[5.9446,49.7226],[5.9427,49.7214],[5.9436,49.7204],[5.9415,49.7193],[5.9414,49.7188],[5.9383,49.7188],[5.9365,49.7183],[5.9339,49.7178],[5.9322,49.7173],[5.9334,49.7158],[5.9313,49.7153],[5.9292,49.7144],[5.9236,49.7126],[5.9211,49.7109],[5.9215,49.71],[5.9236,49.7094],[5.9253,49.7098],[5.9273,49.709],[5.9283,49.7077],[5.9278,49.707],[5.9282,49.7051],[5.9278,49.7036],[5.9293,49.7019],[5.9326,49.7026],[5.937,49.7039],[5.9433,49.7074],[5.9463,49.7087],[5.95,49.7087],[5.9515,49.7105],[5.9544,49.7125],[5.9576,49.7136],[5.9596,49.7145],[5.9618,49.7159],[5.9642,49.717],[5.9651,49.7182],[5.9673,49.7194],[5.9685,49.7198],[5.9694,49.7206],[5.9709,49.7209],[5.9713,49.7202],[5.9748,49.7203],[5.9784,49.7207],[5.9812,49.7219],[5.9875,49.7237],[5.9895,49.7237],[5.9903,49.7223],[5.9899,49.7207],[5.9906,49.719],[5.9931,49.7193],[5.9995,49.7209],[6.0036,49.7218],[6.0019,49.7241],[6.0052,49.7253],[6.0041,49.7268],[6.005,49.727],[6.0038,49.728],[6.0038,49.7285],[6.0049,49.7312],[6.0033,49.7314],[6.0032,49.732],[6.001,49.734],[6.0049,49.7352],[6.0066,49.7356],[6.0068,49.7368],[6.0056,49.7369],[6.0034,49.7377],[6.002,49.7379],[6.0009,49.7394],[5.9994,49.7408],[5.9977,49.7418],[5.9952,49.7409],[5.9937,49.7423],[5.9905,49.7419],[5.9889,49.7412],[5.9883,49.7423],[5.987,49.743],[5.9901,49.7447],[5.9885,49.7468],[5.9859,49.7486],[5.987,49.7492],[5.9892,49.7498],[5.9894,49.7503],[5.9884,49.7522]]]},"properties":{"name":"Saeul","slug":"saeul"}},{"type":"Feature","geometry":{"type":"Polygon","coordinates":[[[5.9318,49.756],[5.9301,49.755],[5.928,49.7525],[5.9264,49.7514],[5.9229,49.7511],[5.9213,49.7497],[5.9209,49.7487],[5.9215,49.7474],[5.9163,49.746],[5.9115,49.7453],[5.912,49.7429],[5.9089,49.7426],[5.9069,49.7427],[5.9061,49.7423],[5.9019,49.7427],[5.9016,49.7443],[5.8984,49.7439],[5.898,49.7451],[5.8966,49.7448],[5.8962,49.7459],[5.8947,49.7461],[5.8914,49.7449],[5.8911,49.7451],[5.8885,49.7436],[5.8868,49.7458],[5.8829,49.7481],[5.8818,49.7486],[5.8794,49.7479],[5.8788,49.7483],[5.8747,49.7475],[5.8741,49.7479],[5.873,49.7501],[5.8723,49.7507],[5.8693,49.7503],[5.8688,49.751],[5.867,49.7502],[5.866,49.7509],[5.8644,49.7503],[5.8635,49.7493],[5.8618,49.7515],[5.8602,49.7511],[5.8586,49.7501],[5.8539,49.7495],[5.8505,49.748],[5.8505,49.7468],[5.8494,49.7462],[5.8477,49.7464],[5.8449,49.746],[5.8431,49.7465],[5.8417,49.7465],[5.8411,49.7445],[5.8375,49.7442],[5.837,49.7463],[5.8352,49.7461],[5.8327,49.7452],[5.8315,49.7452],[5.8304,49.7434],[5.8326,49.7415],[5.83,49.7406],[5.8274,49.7391],[5.8282,49.7357],[5.8281,49.7329],[5.8254,49.732],[5.8272,49.7289],[5.8266,49.7283],[5.8269,49.7269],[5.8244,49.7261],[5.825,49.7248],[5.8263,49.7235],[5.8283,49.7237],[5.8314,49.7245],[5.8345,49.724],[5.8347,49.7244],[5.8376,49.724],[5.8378,49.723],[5.839,49.7222],[5.8409,49.7214],[5.8427,49.7212],[5.8448,49.7214],[5.8475,49.723],[5.8499,49.7239],[5.8517,49.7244],[5.8544,49.7246],[5.8568,49.7259],[5.86,49.7272],[5.8617,49.7262],[5.8628,49.7267],[5.865,49.727],[5.8667,49.7264],[5.8673,49.7257],[5.8704,49.7234],[5.8707,49.7216],[5.8736,49.7216],[5.8752,49.7219],[5.8756,49.7209],[5.875,49.7205],[5.8754,49.7195],[5.8766,49.7181],[5.8741,49.7174],[5.8747,49.7168],[5.8748,49.7158],[5.8777,49.7148],[5.8815,49.7131],[5.8825,49.712],[5.8842,49.7108],[5.8869,49.7093],[5.8894,49.7104],[5.8924,49.7104],[5.8932,49.7106],[5.8959,49.7122],[5.8986,49.7129],[5.9004,49.7119],[5.8999,49.7108],[5.904,49.7108],[5.9072,49.7118],[5.9082,49.7119],[5.9104,49.7102],[5.9098,49.7086],[5.9099,49.7068],[5.9117,49.7049],[5.9137,49.7033],[5.9145,49.7032],[5.9162,49.7038],[5.9167,49.7044],[5.9181,49.7042],[5.9212,49.7044],[5.9226,49.704],[5.9237,49.7029],[5.9246,49.7026],[5.9278,49.7036],[5.9282,49.7051],[5.9278,49.707],[5.9283,49.7077],[5.9273,49.709],[5.9253,49.7098],[5.9236,49.7094],[5.9215,49.71],[5.9211,49.7109],[5.9236,49.7126],[5.9292,49.7144],[5.9313,49.7153],[5.9334,49.7158],[5.9322,49.7173],[5.9339,49.7178],[5.9365,49.7183],[5.9383,49.7188],[5.9414,49.7188],[5.9415,49.7193],[5.9436,49.7204],[5.9427,49.7214],[5.9446,49.7226],[5.9434,49.7237],[5.9449,49.724],[5.9452,49.7251],[5.9448,49.7261],[5.9458,49.7263],[5.9444,49.728],[5.9471,49.7292],[5.9468,49.7298],[5.9437,49.7293],[5.9419,49.7315],[5.9403,49.7305],[5.9383,49.7313],[5.9377,49.7327],[5.9397,49.7334],[5.9383,49.7353],[5.9384,49.7358],[5.9414,49.7366],[5.9459,49.7385],[5.9457,49.7395],[5.9444,49.7397],[5.9436,49.7405],[5.9426,49.7424],[5.9437,49.743],[5.9458,49.7436],[5.9436,49.746],[5.9424,49.7455],[5.9417,49.7466],[5.9412,49.7485],[5.9376,49.7475],[5.9363,49.7477],[5.936,49.7492],[5.9344,49.7502],[5.9337,49.7516],[5.9345,49.7533],[5.9342,49.7549],[5.9318,49.756]]]},"properties":{"name":"Beckerich","slug":"beckerich"}},{"type":"Feature","geometry":{"type":"Polygon","coordinates":[[[5.8688,49.751],[5.8702,49.7515],[5.87,49.7521],[5.8681,49.7541],[5.8672,49.7536],[5.8665,49.7553],[5.8649,49.7576],[5.8627,49.7594],[5.8632,49.7601],[5.8651,49.7611],[5.865,49.7617],[5.8673,49.7621],[5.8698,49.7622],[5.8687,49.7632],[5.8704,49.7638],[5.8696,49.7657],[5.8672,49.7659],[5.8665,49.7668],[5.8647,49.7667],[5.8633,49.7676],[5.8661,49.7678],[5.8665,49.7689],[5.8658,49.7701],[5.8637,49.7697],[5.8643,49.7708],[5.864,49.7721],[5.8597,49.7724],[5.8589,49.7742],[5.8545,49.7768],[5.8489,49.7785],[5.8461,49.7798],[5.8425,49.7809],[5.8409,49.7809],[5.8393,49.7805],[5.8361,49.7845],[5.833,49.7845],[5.8306,49.7848],[5.8308,49.7854],[5.8295,49.7863],[5.8294,49.7879],[5.8302,49.7891],[5.8303,49.7907],[5.8317,49.7927],[5.8298,49.7936],[5.8297,49.7947],[5.8284,49.7959],[5.8271,49.7986],[5.8281,49.8005],[5.8315,49.8023],[5.832,49.8038],[5.8331,49.8034],[5.8342,49.8051],[5.8336,49.8065],[5.8356,49.8069],[5.8346,49.8085],[5.8326,49.8105],[5.8338,49.8121],[5.8344,49.8138],[5.8328,49.8142],[5.8336,49.8153],[5.8331,49.8156],[5.8296,49.8152],[5.8283,49.8152],[5.8254,49.8177],[5.8248,49.8173],[5.8235,49.8178],[5.822,49.8165],[5.8206,49.8171],[5.8221,49.8187],[5.8196,49.8194],[5.8176,49.8176],[5.8161,49.8182],[5.8155,49.8174],[5.8133,49.8156],[5.8116,49.8153],[5.8096,49.8155],[5.8094,49.8142],[5.8111,49.8126],[5.8121,49.8122],[5.8113,49.8111],[5.8103,49.811],[5.8092,49.8093],[5.8085,49.8091],[5.8087,49.8079],[5.8093,49.8075],[5.8087,49.8062],[5.8054,49.8041],[5.8081,49.803],[5.8056,49.8023],[5.8048,49.8016],[5.8049,49.8007],[5.8062,49.7991],[5.8053,49.7978],[5.8053,49.7965],[5.8036,49.7954],[5.8042,49.7946],[5.8038,49.7935],[5.8044,49.7926],[5.7993,49.7915],[5.7974,49.7928],[5.7961,49.7925],[5.7938,49.7912],[5.7933,49.7906],[5.7919,49.7887],[5.792,49.787],[5.7947,49.7846],[5.7971,49.7831],[5.7985,49.7818],[5.7994,49.7781],[5.7999,49.7777],[5.8034,49.7766],[5.8041,49.7762],[5.8051,49.7747],[5.8072,49.7725],[5.8086,49.767],[5.8094,49.7653],[5.8111,49.7654],[5.816,49.7622],[5.8166,49.758],[5.8179,49.7547],[5.8179,49.754],[5.8209,49.7533],[5.8205,49.7513],[5.8223,49.7502],[5.823,49.7495],[5.8242,49.7493],[5.828,49.7503],[5.8301,49.7498],[5.8324,49.7469],[5.8315,49.7452],[5.8327,49.7452],[5.8352,49.7461],[5.837,49.7463],[5.8375,49.7442],[5.8411,49.7445],[5.8417,49.7465],[5.8431,49.7465],[5.8449,49.746],[5.8477,49.7464],[5.8494,49.7462],[5.8505,49.7468],[5.8505,49.748],[5.8539,49.7495],[5.8586,49.7501],[5.8602,49.7511],[5.8618,49.7515],[5.8635,49.7493],[5.8644,49.7503],[5.866,49.7509],[5.867,49.7502],[5.8688,49.751]]]},"properties":{"name":"Ell","slug":"ell"}},{"type":"Feature","geometry":{"type":"Polygon","coordinates":[[[5.8779,49.8698],[5.8775,49.8717],[5.8786,49.8728],[5.8802,49.8737],[5.877,49.8757],[5.8752,49.878],[5.8732,49.8767],[5.8734,49.8755],[5.8717,49.8755],[5.8714,49.8766],[5.8723,49.8771],[5.8714,49.8783],[5.8706,49.8802],[5.8668,49.8809],[5.8653,49.8818],[5.8647,49.8829],[5.8631,49.8851],[5.8649,49.8863],[5.8668,49.8882],[5.8631,49.8872],[5.8595,49.8884],[5.8568,49.8887],[5.8546,49.8878],[5.8542,49.8869],[5.8551,49.8848],[5.8541,49.8844],[5.8545,49.8835],[5.8514,49.8825],[5.849,49.8822],[5.8487,49.8832],[5.8465,49.8831],[5.8432,49.884],[5.8415,49.8848],[5.8389,49.8833],[5.8401,49.8823],[5.8409,49.8806],[5.8404,49.8791],[5.8431,49.8787],[5.8438,49.8784],[5.8462,49.8758],[5.8463,49.8749],[5.8445,49.8735],[5.8435,49.8736],[5.8419,49.8746],[5.8404,49.8745],[5.8392,49.874],[5.8374,49.871],[5.8368,49.8705],[5.8349,49.8703],[5.8339,49.8698],[5.8322,49.8698],[5.8311,49.8694],[5.8293,49.868],[5.8249,49.8665],[5.8241,49.8664],[5.8212,49.8675],[5.8124,49.8686],[5.811,49.8686],[5.8079,49.8681],[5.8076,49.8671],[5.8068,49.8668],[5.8061,49.8657],[5.806,49.8643],[5.8046,49.8636],[5.8026,49.8636],[5.8018,49.8645],[5.803,49.8663],[5.8047,49.8672],[5.8062,49.869],[5.8063,49.8701],[5.8056,49.8707],[5.8027,49.8707],[5.8011,49.8697],[5.8004,49.8711],[5.7986,49.8717],[5.7963,49.8719],[5.7953,49.8723],[5.7957,49.8745],[5.7972,49.8774],[5.7968,49.8788],[5.7959,49.8801],[5.7945,49.8807],[5.7934,49.8805],[5.7919,49.8792],[5.792,49.8771],[5.7923,49.8756],[5.7918,49.8751],[5.7885,49.8736],[5.7871,49.8735],[5.7849,49.8743],[5.7826,49.8757],[5.7799,49.8771],[5.7791,49.8772],[5.7781,49.876],[5.779,49.8749],[5.7799,49.8747],[5.784,49.8731],[5.7829,49.8719],[5.78,49.8723],[5.7781,49.8722],[5.7765,49.871],[5.7764,49.8702],[5.7744,49.8673],[5.7738,49.8676],[5.7721,49.8714],[5.7702,49.8725],[5.7689,49.8723],[5.7681,49.8707],[5.7672,49.8699],[5.7656,49.8694],[5.7629,49.8695],[5.7613,49.871],[5.7587,49.8728],[5.7562,49.8732],[5.7539,49.8719],[5.7534,49.8697],[5.7527,49.8688],[5.7536,49.8678],[5.756,49.8668],[5.757,49.8651],[5.7545,49.8622],[5.7552,49.861],[5.7569,49.8598],[5.7574,49.8589],[5.7591,49.8581],[5.7606,49.8569],[5.7607,49.8563],[5.7592,49.8559],[5.7571,49.8559],[5.7565,49.8564],[5.7546,49.8566],[5.7517,49.8549],[5.7498,49.8543],[5.7479,49.8546],[5.7461,49.8541],[5.7458,49.8526],[5.7473,49.8518],[5.7485,49.852],[5.7496,49.8515],[5.7512,49.8517],[5.7527,49.8515],[5.7545,49.8518],[5.7582,49.8494],[5.7585,49.8487],[5.7584,49.8467],[5.7571,49.8455],[5.7541,49.8448],[5.7527,49.8454],[5.7516,49.8472],[5.7493,49.8471],[5.7485,49.8466],[5.7483,49.8442],[5.7486,49.8423],[5.7506,49.8407],[5.75,49.8394],[5.7478,49.8385],[5.7455,49.8388],[5.7442,49.8395],[5.743,49.8396],[5.7408,49.8387],[5.7397,49.8365],[5.74,49.8359],[5.7392,49.8336],[5.7431,49.8318],[5.7439,49.8313],[5.7448,49.8295],[5.7458,49.8281],[5.7462,49.8265],[5.747,49.8253],[5.7481,49.8246],[5.7481,49.8236],[5.7474,49.823],[5.7435,49.8211],[5.7441,49.8193],[5.7456,49.8172],[5.7462,49.8158],[5.7473,49.8153],[5.7485,49.8153],[5.7512,49.8149],[5.7513,49.814],[5.75,49.812],[5.7505,49.8093],[5.7504,49.8063],[5.751,49.8058],[5.7529,49.797],[5.7536,49.7951],[5.7531,49.7934],[5.7542,49.7934],[5.7552,49.7915],[5.7619,49.7932],[5.766,49.7934],[5.7693,49.7943],[5.7703,49.7942],[5.7722,49.7933],[5.7737,49.7943],[5.7769,49.7946],[5.7782,49.7937],[5.7813,49.7923],[5.7822,49.7932],[5.7834,49.7939],[5.7849,49.7953],[5.7852,49.7962],[5.7884,49.7967],[5.7904,49.7958],[5.7933,49.7906],[5.7938,49.7912],[5.7961,49.7925],[5.7974,49.7928],[5.7993,49.7915],[5.8044,49.7926],[5.8038,49.7935],[5.8042,49.7946],[5.8036,49.7954],[5.8053,49.7965],[5.8053,49.7978],[5.8062,49.7991],[5.8049,49.8007],[5.8048,49.8016],[5.8056,49.8023],[5.8081,49.803],[5.8054,49.8041],[5.8087,49.8062],[5.8093,49.8075],[5.8087,49.8079],[5.8085,49.8091],[5.8092,49.8093],[5.8103,49.811],[5.8113,49.8111],[5.8121,49.8122],[5.8111,49.8126],[5.8094,49.8142],[5.8096,49.8155],[5.8116,49.8153],[5.8133,49.8156],[5.8155,49.8174],[5.8161,49.8182],[5.8176,49.8176],[5.8196,49.8194],[5.8221,49.8187],[5.8206,49.8171],[5.822,49.8165],[5.8235,49.8178],[5.8248,49.8173],[5.8254,49.8177],[5.8283,49.8152],[5.8296,49.8152],[5.8331,49.8156],[5.8336,49.8153],[5.8328,49.8142],[5.8344,49.8138],[5.8355,49.8135],[5.8359,49.8103],[5.8405,49.8098],[5.8424,49.8097],[5.843,49.8103],[5.8457,49.8089],[5.8502,49.8052],[5.8505,49.8045],[5.852,49.8041],[5.8526,49.803],[5.851,49.8],[5.8532,49.7987],[5.8553,49.7981],[5.8574,49.7982],[5.8586,49.7989],[5.861,49.7986],[5.8627,49.7979],[5.8637,49.7967],[5.8665,49.7939],[5.871,49.7942],[5.8722,49.7955],[5.8732,49.798],[5.8752,49.7977],[5.8813,49.7977],[5.8884,49.7983],[5.888,49.7995],[5.8897,49.8],[5.8942,49.8024],[5.8951,49.8044],[5.8949,49.8052],[5.8966,49.807],[5.8972,49.8064],[5.8994,49.8073],[5.901,49.8076],[5.9039,49.8087],[5.9044,49.8092],[5.9059,49.809],[5.9056,49.8099],[5.9043,49.8104],[5.9017,49.8108],[5.9021,49.8115],[5.9044,49.8116],[5.9026,49.8125],[5.9025,49.8131],[5.9037,49.8142],[5.9028,49.8152],[5.9037,49.8161],[5.9058,49.8172],[5.9055,49.8177],[5.9067,49.8191],[5.9075,49.8194],[5.9059,49.8202],[5.9038,49.82],[5.9011,49.8202],[5.8983,49.8215],[5.8965,49.8244],[5.8958,49.8261],[5.8937,49.8275],[5.8892,49.8298],[5.8884,49.8297],[5.8869,49.8305],[5.8844,49.8303],[5.8839,49.8311],[5.8814,49.8329],[5.8814,49.834],[5.882,49.8381],[5.8796,49.8403],[5.8776,49.8399],[5.8775,49.8406],[5.876,49.8405],[5.8746,49.8413],[5.8728,49.8407],[5.8726,49.8413],[5.8711,49.8413],[5.8702,49.8421],[5.8708,49.8429],[5.8754,49.8438],[5.8781,49.8441],[5.8814,49.8455],[5.8825,49.8462],[5.8861,49.8479],[5.8857,49.8488],[5.8825,49.8491],[5.8783,49.8488],[5.8763,49.8483],[5.8749,49.8486],[5.8747,49.8495],[5.8715,49.8494],[5.869,49.8488],[5.8678,49.85],[5.8681,49.8506],[5.8707,49.8516],[5.8746,49.8522],[5.8727,49.8561],[5.8707,49.8559],[5.8712,49.858],[5.872,49.859],[5.8747,49.8605],[5.8754,49.8638],[5.8742,49.8644],[5.8731,49.8658],[5.875,49.867],[5.8753,49.8678],[5.8746,49.8693],[5.8779,49.8698]]]},"properties":{"name":"Rambrouch","slug":"rambrouch"}},{"type":"Feature","geometry":{"type":"Polygon","coordinates":[[[5.901,49.8076],[5.8994,49.8073],[5.8972,49.8064],[5.8966,49.807],[5.8949,49.8052],[5.8951,49.8044],[5.8942,49.8024],[5.8897,49.8],[5.888,49.7995],[5.8884,49.7983],[5.8813,49.7977],[5.8752,49.7977],[5.8732,49.798],[5.8722,49.7955],[5.871,49.7942],[5.8665,49.7939],[5.8637,49.7967],[5.8627,49.7979],[5.861,49.7986],[5.8586,49.7989],[5.8574,49.7982],[5.8553,49.7981],[5.8532,49.7987],[5.851,49.8],[5.8526,49.803],[5.852,49.8041],[5.8505,49.8045],[5.8502,49.8052],[5.8457,49.8089],[5.843,49.8103],[5.8424,49.8097],[5.8405,49.8098],[5.8359,49.8103],[5.8355,49.8135],[5.8344,49.8138],[5.8338,49.8121],[5.8326,49.8105],[5.8346,49.8085],[5.8356,49.8069],[5.8336,49.8065],[5.8342,49.8051],[5.8331,49.8034],[5.832,49.8038],[5.8315,49.8023],[5.8281,49.8005],[5.8271,49.7986],[5.8284,49.7959],[5.8297,49.7947],[5.8298,49.7936],[5.8317,49.7927],[5.8303,49.7907],[5.8302,49.7891],[5.8294,49.7879],[5.8295,49.7863],[5.8308,49.7854],[5.8306,49.7848],[5.833,49.7845],[5.8361,49.7845],[5.8393,49.7805],[5.8409,49.7809],[5.8425,49.7809],[5.8461,49.7798],[5.8489,49.7785],[5.8545,49.7768],[5.8589,49.7742],[5.8597,49.7724],[5.864,49.7721],[5.8643,49.7708],[5.8637,49.7697],[5.8658,49.7701],[5.8665,49.7689],[5.8661,49.7678],[5.8633,49.7676],[5.8647,49.7667],[5.8665,49.7668],[5.8672,49.7659],[5.8696,49.7657],[5.8704,49.7638],[5.8687,49.7632],[5.8698,49.7622],[5.8673,49.7621],[5.865,49.7617],[5.8651,49.7611],[5.8632,49.7601],[5.8627,49.7594],[5.8649,49.7576],[5.8665,49.7553],[5.8672,49.7536],[5.8681,49.7541],[5.87,49.7521],[5.8702,49.7515],[5.8688,49.751],[5.8693,49.7503],[5.8723,49.7507],[5.873,49.7501],[5.8741,49.7479],[5.8747,49.7475],[5.8788,49.7483],[5.8794,49.7479],[5.8818,49.7486],[5.8829,49.7481],[5.8868,49.7458],[5.8885,49.7436],[5.8911,49.7451],[5.8914,49.7449],[5.8947,49.7461],[5.8962,49.7459],[5.8966,49.7448],[5.898,49.7451],[5.8984,49.7439],[5.9016,49.7443],[5.9019,49.7427],[5.9061,49.7423],[5.9069,49.7427],[5.9089,49.7426],[5.912,49.7429],[5.9115,49.7453],[5.9163,49.746],[5.9215,49.7474],[5.9209,49.7487],[5.9213,49.7497],[5.9229,49.7511],[5.9264,49.7514],[5.928,49.7525],[5.9301,49.755],[5.9318,49.756],[5.9295,49.7578],[5.9319,49.7583],[5.9308,49.7591],[5.9327,49.7605],[5.9297,49.7612],[5.9286,49.762],[5.9308,49.7624],[5.9314,49.763],[5.9311,49.7641],[5.9287,49.7672],[5.9277,49.7669],[5.9264,49.7652],[5.922,49.7662],[5.9249,49.7688],[5.9268,49.7698],[5.9296,49.771],[5.9324,49.7733],[5.9318,49.774],[5.9326,49.7753],[5.9338,49.7762],[5.9356,49.7755],[5.938,49.7738],[5.9388,49.7739],[5.9362,49.7759],[5.9331,49.7768],[5.9313,49.7786],[5.9328,49.7787],[5.9334,49.7792],[5.9329,49.7802],[5.9315,49.78],[5.9311,49.7821],[5.9303,49.7827],[5.9302,49.7836],[5.9266,49.7834],[5.9259,49.7847],[5.9238,49.7845],[5.9235,49.7855],[5.9213,49.7853],[5.9212,49.7864],[5.9195,49.7865],[5.9171,49.7872],[5.9141,49.7885],[5.9151,49.7891],[5.9124,49.7901],[5.9116,49.7911],[5.9118,49.7922],[5.9108,49.7952],[5.9095,49.7967],[5.9088,49.7963],[5.9054,49.7978],[5.9045,49.7975],[5.9019,49.8016],[5.9041,49.8018],[5.904,49.8038],[5.9031,49.8055],[5.9019,49.806],[5.901,49.8076]]]},"properties":{"name":"Redange","slug":"redange"}},{"type":"Feature","geometry":{"type":"Polygon","coordinates":[[[5.925,49.8592],[5.9265,49.8599],[5.9282,49.8636],[5.929,49.8645],[5.9309,49.8658],[5.9314,49.8668],[5.9325,49.8669],[5.9343,49.868],[5.9366,49.8703],[5.9381,49.8705],[5.9406,49.8703],[5.9429,49.8703],[5.9454,49.8707],[5.948,49.8704],[5.9506,49.8691],[5.9545,49.8686],[5.957,49.8672],[5.9572,49.8666],[5.9607,49.8663],[5.9619,49.8657],[5.9629,49.8662],[5.9643,49.8662],[5.9649,49.8656],[5.9658,49.8636],[5.9669,49.8622],[5.9673,49.861],[5.9695,49.8602],[5.9708,49.8601],[5.9728,49.8605],[5.975,49.8607],[5.9763,49.8597],[5.9759,49.8588],[5.9764,49.8575],[5.9777,49.8566],[5.9781,49.8554],[5.9796,49.8534],[5.9817,49.8524],[5.9827,49.853],[5.9819,49.8538],[5.9825,49.8543],[5.9813,49.8562],[5.9868,49.8574],[5.9862,49.8586],[5.9866,49.8591],[5.9862,49.8603],[5.9864,49.8612],[5.9858,49.862],[5.9878,49.8627],[5.99,49.8615],[5.992,49.8622],[5.9941,49.8625],[5.9937,49.8633],[5.9978,49.8651],[5.9957,49.8664],[5.9944,49.8687],[5.9935,49.8698],[5.9947,49.87],[5.9965,49.8723],[5.9961,49.873],[5.993,49.8728],[5.9923,49.8735],[5.9924,49.8743],[5.9936,49.875],[5.9946,49.8763],[5.9934,49.8772],[5.9961,49.8782],[5.9971,49.8788],[5.9982,49.8766],[5.9998,49.8761],[6.0021,49.8772],[6.0032,49.8782],[6.0015,49.8789],[6.005,49.8792],[6.0069,49.879],[6.0085,49.8795],[6.0107,49.8792],[6.011,49.8799],[6.0123,49.8801],[6.0115,49.8811],[6.0138,49.8833],[6.0138,49.8861],[6.0131,49.887],[6.0128,49.8883],[6.0134,49.8897],[6.0125,49.8914],[6.0149,49.8919],[6.0124,49.8925],[6.0114,49.8933],[6.0159,49.8938],[6.0158,49.8945],[6.0141,49.8946],[6.014,49.8964],[6.0146,49.8977],[6.0164,49.8983],[6.0177,49.8993],[6.0203,49.9],[6.0199,49.9014],[6.0184,49.9022],[6.0165,49.9028],[6.0175,49.9039],[6.0196,49.9052],[6.0215,49.9087],[6.0186,49.9094],[6.0191,49.9102],[6.0209,49.9115],[6.0216,49.9135],[6.0206,49.9147],[6.0224,49.9159],[6.0273,49.9157],[6.0291,49.9166],[6.032,49.9185],[6.0349,49.9195],[6.0362,49.9196],[6.0373,49.9202],[6.0372,49.9212],[6.0361,49.9216],[6.0328,49.9211],[6.0313,49.92],[6.0302,49.9187],[6.0285,49.9183],[6.0257,49.9195],[6.0248,49.9203],[6.0202,49.9217],[6.0157,49.9238],[6.014,49.9255],[6.0129,49.9259],[6.0101,49.9262],[6.0093,49.9261],[6.0069,49.9243],[6.0047,49.924],[6.0026,49.9221],[6.0013,49.9196],[6.0012,49.9174],[6.0026,49.9169],[6.0035,49.916],[6.0032,49.9138],[6.0012,49.9131],[5.9931,49.914],[5.9882,49.9137],[5.9863,49.9132],[5.9863,49.9123],[5.987,49.9113],[5.9882,49.9087],[5.9881,49.9071],[5.9872,49.9055],[5.9846,49.9044],[5.9819,49.904],[5.9802,49.9042],[5.9795,49.9054],[5.9799,49.9083],[5.9805,49.9096],[5.9791,49.911],[5.9762,49.9113],[5.9753,49.9104],[5.9757,49.9086],[5.9743,49.908],[5.9724,49.908],[5.9697,49.9086],[5.9682,49.908],[5.9672,49.9061],[5.9661,49.9052],[5.9648,49.9047],[5.9631,49.9048],[5.9624,49.906],[5.9603,49.9068],[5.9582,49.9066],[5.9552,49.905],[5.954,49.9057],[5.9533,49.9078],[5.9515,49.9085],[5.95,49.91],[5.9499,49.9107],[5.9467,49.9106],[5.9415,49.9102],[5.94,49.9096],[5.9395,49.9113],[5.9399,49.9117],[5.9398,49.9132],[5.939,49.9144],[5.9375,49.9151],[5.9352,49.9147],[5.9346,49.9157],[5.9331,49.9157],[5.9321,49.9146],[5.9317,49.9128],[5.932,49.9121],[5.9293,49.9124],[5.9285,49.9138],[5.9268,49.9155],[5.9259,49.9156],[5.9245,49.915],[5.9241,49.9138],[5.926,49.9121],[5.9262,49.9115],[5.924,49.9106],[5.9217,49.9123],[5.9203,49.9123],[5.9186,49.9118],[5.918,49.9112],[5.9177,49.9098],[5.9195,49.9055],[5.9193,49.9043],[5.9173,49.9037],[5.9158,49.9046],[5.9139,49.9065],[5.9124,49.9088],[5.9124,49.91],[5.9119,49.9112],[5.9097,49.9111],[5.909,49.9099],[5.9054,49.9075],[5.9043,49.9076],[5.9036,49.9083],[5.9032,49.9097],[5.9001,49.9135],[5.8984,49.914],[5.897,49.9135],[5.8962,49.912],[5.8946,49.9114],[5.8908,49.9118],[5.888,49.9106],[5.8864,49.9089],[5.8862,49.9076],[5.8842,49.906],[5.8813,49.9053],[5.8804,49.9033],[5.8789,49.9024],[5.8774,49.902],[5.8751,49.9021],[5.8718,49.9027],[5.8693,49.9028],[5.8669,49.9023],[5.8663,49.9018],[5.8649,49.8981],[5.8636,49.8976],[5.8605,49.8976],[5.8595,49.8985],[5.8597,49.899],[5.862,49.9007],[5.8622,49.9014],[5.8616,49.9025],[5.8597,49.9036],[5.8584,49.9049],[5.8573,49.9068],[5.8558,49.9076],[5.8535,49.9077],[5.8524,49.907],[5.8521,49.9061],[5.8525,49.9052],[5.8559,49.9026],[5.8555,49.9004],[5.8539,49.8996],[5.85,49.9015],[5.8487,49.9017],[5.8458,49.901],[5.8453,49.9003],[5.8457,49.8992],[5.8488,49.8976],[5.8508,49.8956],[5.8507,49.8947],[5.8493,49.8936],[5.8468,49.8933],[5.8469,49.8927],[5.8482,49.8923],[5.8516,49.892],[5.8538,49.891],[5.8568,49.8887],[5.8595,49.8884],[5.8631,49.8872],[5.8668,49.8882],[5.8649,49.8863],[5.8631,49.8851],[5.8647,49.8829],[5.8653,49.8818],[5.8668,49.8809],[5.8706,49.8802],[5.8714,49.8783],[5.8723,49.8771],[5.8714,49.8766],[5.8717,49.8755],[5.8734,49.8755],[5.8732,49.8767],[5.8752,49.878],[5.877,49.8757],[5.8802,49.8737],[5.8786,49.8728],[5.8775,49.8717],[5.8779,49.8698],[5.8782,49.8678],[5.8792,49.8665],[5.8785,49.8654],[5.8802,49.8642],[5.8818,49.864],[5.8852,49.8656],[5.887,49.866],[5.8884,49.8669],[5.888,49.869],[5.8892,49.8703],[5.8902,49.87],[5.8925,49.8701],[5.8948,49.8714],[5.8944,49.8718],[5.8977,49.8736],[5.8968,49.8748],[5.8958,49.8752],[5.8935,49.875],[5.8949,49.8764],[5.8939,49.8769],[5.8955,49.8782],[5.8924,49.8795],[5.8931,49.8808],[5.8928,49.8818],[5.8937,49.8834],[5.8947,49.8846],[5.8958,49.8841],[5.8979,49.8858],[5.897,49.8866],[5.8991,49.8879],[5.8999,49.8882],[5.9011,49.8873],[5.902,49.8872],[5.9024,49.8863],[5.9039,49.8848],[5.9043,49.8826],[5.9066,49.8814],[5.9063,49.8809],[5.9074,49.8798],[5.9085,49.8797],[5.9096,49.8771],[5.9125,49.8748],[5.9143,49.8713],[5.9167,49.8711],[5.9157,49.8702],[5.9163,49.8671],[5.9195,49.8673],[5.9208,49.8662],[5.9206,49.8643],[5.9184,49.8646],[5.9151,49.8646],[5.9145,49.865],[5.9121,49.8639],[5.9099,49.8625],[5.9097,49.8613],[5.9113,49.8607],[5.9135,49.8589],[5.9176,49.8604],[5.918,49.8614],[5.9195,49.862],[5.9217,49.8615],[5.925,49.8592]]]},"properties":{"name":"Esch-sur-Sûre","slug":"esch-sur-sure"}},{"type":"Feature","geometry":{"type":"Polygon","coordinates":[[[5.8568,49.8887],[5.8538,49.891],[5.8516,49.892],[5.8482,49.8923],[5.8469,49.8927],[5.8468,49.8933],[5.8493,49.8936],[5.8507,49.8947],[5.8508,49.8956],[5.8488,49.8976],[5.8457,49.8992],[5.8453,49.9003],[5.8458,49.901],[5.8487,49.9017],[5.85,49.9015],[5.8539,49.8996],[5.8555,49.9004],[5.8559,49.9026],[5.8525,49.9052],[5.8521,49.9061],[5.8524,49.907],[5.8535,49.9077],[5.8505,49.9088],[5.8502,49.9097],[5.8491,49.9098],[5.8464,49.9097],[5.8452,49.91],[5.8417,49.909],[5.8396,49.9094],[5.8386,49.9099],[5.8363,49.9101],[5.8347,49.911],[5.8356,49.9121],[5.8357,49.9133],[5.8329,49.9132],[5.8307,49.9135],[5.8265,49.9123],[5.825,49.9122],[5.824,49.9137],[5.8244,49.9157],[5.8221,49.9162],[5.8204,49.9157],[5.8186,49.916],[5.8181,49.9143],[5.8162,49.9143],[5.8175,49.9165],[5.8142,49.916],[5.8129,49.9164],[5.814,49.9172],[5.8126,49.9193],[5.8117,49.9187],[5.81,49.9186],[5.8094,49.9193],[5.8064,49.9188],[5.8045,49.9195],[5.8022,49.9196],[5.8001,49.9191],[5.7997,49.9201],[5.796,49.9189],[5.7924,49.918],[5.7883,49.9185],[5.7833,49.9179],[5.7802,49.9182],[5.7756,49.9182],[5.7735,49.9194],[5.772,49.9188],[5.772,49.9182],[5.7694,49.9175],[5.7665,49.9159],[5.764,49.9158],[5.7637,49.9154],[5.7572,49.9132],[5.7531,49.912],[5.7481,49.9094],[5.7479,49.9088],[5.7461,49.9078],[5.7467,49.9063],[5.7447,49.9058],[5.744,49.9053],[5.7399,49.9042],[5.7406,49.9031],[5.7405,49.9022],[5.7377,49.901],[5.7362,49.899],[5.7367,49.8983],[5.7358,49.8971],[5.7381,49.8962],[5.7398,49.895],[5.7427,49.8951],[5.7451,49.8943],[5.7463,49.8942],[5.7479,49.8924],[5.7501,49.8916],[5.7517,49.8913],[5.754,49.8914],[5.7555,49.8908],[5.7573,49.8895],[5.7601,49.8893],[5.7633,49.8883],[5.7666,49.888],[5.7674,49.8873],[5.7689,49.8869],[5.7705,49.887],[5.7718,49.8851],[5.7744,49.8844],[5.7779,49.8839],[5.7783,49.8829],[5.7781,49.8821],[5.7788,49.8811],[5.7834,49.8787],[5.7836,49.8775],[5.7826,49.8757],[5.7849,49.8743],[5.7871,49.8735],[5.7885,49.8736],[5.7918,49.8751],[5.7923,49.8756],[5.792,49.8771],[5.7919,49.8792],[5.7934,49.8805],[5.7945,49.8807],[5.7959,49.8801],[5.7968,49.8788],[5.7972,49.8774],[5.7957,49.8745],[5.7953,49.8723],[5.7963,49.8719],[5.7986,49.8717],[5.8004,49.8711],[5.8011,49.8697],[5.8027,49.8707],[5.8056,49.8707],[5.8063,49.8701],[5.8062,49.869],[5.8047,49.8672],[5.803,49.8663],[5.8018,49.8645],[5.8026,49.8636],[5.8046,49.8636],[5.806,49.8643],[5.8061,49.8657],[5.8068,49.8668],[5.8076,49.8671],[5.8079,49.8681],[5.811,49.8686],[5.8124,49.8686],[5.8212,49.8675],[5.8241,49.8664],[5.8249,49.8665],[5.8293,49.868],[5.8311,49.8694],[5.8322,49.8698],[5.8339,49.8698],[5.8349,49.8703],[5.8368,49.8705],[5.8374,49.871],[5.8392,49.874],[5.8404,49.8745],[5.8419,49.8746],[5.8435,49.8736],[5.8445,49.8735],[5.8463,49.8749],[5.8462,49.8758],[5.8438,49.8784],[5.8431,49.8787],[5.8404,49.8791],[5.8409,49.8806],[5.8401,49.8823],[5.8389,49.8833],[5.8415,49.8848],[5.8432,49.884],[5.8465,49.8831],[5.8487,49.8832],[5.849,49.8822],[5.8514,49.8825],[5.8545,49.8835],[5.8541,49.8844],[5.8551,49.8848],[5.8542,49.8869],[5.8546,49.8878],[5.8568,49.8887]]]},"properties":{"name":"Boulaide","slug":"boulaide"}},{"type":"Feature","geometry":{"type":"Polygon","coordinates":[[[6.0376,49.9401],[6.0358,49.9401],[6.0362,49.9384],[6.0356,49.9374],[6.0345,49.937],[6.0328,49.9373],[6.0321,49.9381],[6.0272,49.9388],[6.0251,49.9396],[6.0235,49.9417],[6.019,49.9413],[6.0167,49.941],[6.0153,49.9404],[6.0131,49.9406],[6.0115,49.9416],[6.0111,49.9426],[6.0113,49.9437],[6.012,49.9444],[6.014,49.9448],[6.0136,49.9432],[6.0143,49.943],[6.0155,49.9442],[6.0178,49.9446],[6.0173,49.9454],[6.0155,49.9452],[6.0145,49.9457],[6.0147,49.9474],[6.0111,49.9477],[6.0109,49.9471],[6.0085,49.9469],[6.0082,49.9479],[6.0053,49.9476],[6.0025,49.9477],[6.0013,49.9485],[5.999,49.9491],[5.9991,49.9503],[6.0006,49.9507],[6.0002,49.9513],[5.9984,49.9513],[5.9991,49.9521],[5.9976,49.9523],[5.9948,49.9518],[5.9931,49.9531],[5.9911,49.9529],[5.9898,49.9525],[5.9887,49.9516],[5.9871,49.9527],[5.9872,49.9534],[5.985,49.9531],[5.985,49.9538],[5.9874,49.9549],[5.9861,49.9575],[5.983,49.9569],[5.9807,49.9559],[5.9795,49.9559],[5.9783,49.9569],[5.978,49.9592],[5.9733,49.9593],[5.971,49.9603],[5.9706,49.9609],[5.9713,49.9621],[5.9715,49.9642],[5.97,49.9644],[5.9695,49.9632],[5.9688,49.9626],[5.9671,49.962],[5.9643,49.9613],[5.9624,49.9602],[5.9609,49.96],[5.9587,49.9605],[5.9582,49.9613],[5.9585,49.963],[5.9576,49.9636],[5.954,49.9634],[5.9524,49.9612],[5.9538,49.9583],[5.9535,49.9574],[5.9514,49.9553],[5.9504,49.9539],[5.9519,49.9528],[5.9517,49.9519],[5.9528,49.9508],[5.9546,49.9496],[5.9549,49.9481],[5.9535,49.9466],[5.9542,49.9457],[5.9535,49.9447],[5.9555,49.9433],[5.9561,49.9423],[5.9546,49.9415],[5.9538,49.9404],[5.9499,49.9394],[5.9452,49.9389],[5.9436,49.9402],[5.9404,49.9402],[5.9393,49.9409],[5.9362,49.9409],[5.9355,49.9417],[5.9342,49.9417],[5.9326,49.9409],[5.9339,49.9395],[5.9322,49.9392],[5.9311,49.9398],[5.9298,49.9413],[5.9272,49.9407],[5.9247,49.9411],[5.9244,49.9397],[5.9229,49.9396],[5.9217,49.9401],[5.9192,49.9393],[5.9202,49.9372],[5.9202,49.9361],[5.918,49.9353],[5.9165,49.9345],[5.9164,49.9332],[5.9192,49.9326],[5.9213,49.9327],[5.9234,49.9323],[5.928,49.9325],[5.9289,49.9329],[5.9339,49.9317],[5.9341,49.9308],[5.9312,49.9303],[5.9313,49.9289],[5.9318,49.9286],[5.936,49.9294],[5.9373,49.9293],[5.9385,49.9288],[5.9406,49.9288],[5.9412,49.9279],[5.9422,49.9254],[5.9415,49.9233],[5.942,49.9227],[5.9428,49.9206],[5.9442,49.9196],[5.9462,49.9187],[5.9474,49.9177],[5.9477,49.9169],[5.9482,49.9134],[5.9496,49.912],[5.9499,49.9107],[5.95,49.91],[5.9515,49.9085],[5.9533,49.9078],[5.954,49.9057],[5.9552,49.905],[5.9582,49.9066],[5.9603,49.9068],[5.9624,49.906],[5.9631,49.9048],[5.9648,49.9047],[5.9661,49.9052],[5.9672,49.9061],[5.9682,49.908],[5.9697,49.9086],[5.9724,49.908],[5.9743,49.908],[5.9757,49.9086],[5.9753,49.9104],[5.9762,49.9113],[5.9791,49.911],[5.9805,49.9096],[5.9799,49.9083],[5.9795,49.9054],[5.9802,49.9042],[5.9819,49.904],[5.9846,49.9044],[5.9872,49.9055],[5.9881,49.9071],[5.9882,49.9087],[5.987,49.9113],[5.9863,49.9123],[5.9863,49.9132],[5.9882,49.9137],[5.9931,49.914],[6.0012,49.9131],[6.0032,49.9138],[6.0035,49.916],[6.0026,49.9169],[6.0012,49.9174],[6.0013,49.9196],[6.0026,49.9221],[6.0047,49.924],[6.0069,49.9243],[6.0093,49.9261],[6.0101,49.9262],[6.0129,49.9259],[6.014,49.9255],[6.0157,49.9238],[6.0202,49.9217],[6.0248,49.9203],[6.0257,49.9195],[6.0285,49.9183],[6.0302,49.9187],[6.0313,49.92],[6.0328,49.9211],[6.0361,49.9216],[6.0372,49.9212],[6.0373,49.9202],[6.0379,49.9192],[6.0394,49.9196],[6.0397,49.9214],[6.0393,49.9228],[6.0382,49.9246],[6.039,49.9258],[6.0411,49.926],[6.0465,49.9249],[6.0493,49.924],[6.0481,49.9275],[6.0471,49.9289],[6.0439,49.9304],[6.0435,49.9312],[6.0443,49.9332],[6.0438,49.9336],[6.0418,49.934],[6.0409,49.9349],[6.0408,49.9364],[6.0416,49.9386],[6.04,49.9384],[6.0382,49.9389],[6.0376,49.9401]]]},"properties":{"name":"Goesdorf","slug":"goesdorf"}},{"type":"Feature","geometry":{"type":"Polygon","coordinates":[[[5.9499,49.9107],[5.9496,49.912],[5.9482,49.9134],[5.9477,49.9169],[5.9474,49.9177],[5.9462,49.9187],[5.9442,49.9196],[5.9428,49.9206],[5.942,49.9227],[5.9415,49.9233],[5.9422,49.9254],[5.9412,49.9279],[5.9406,49.9288],[5.9385,49.9288],[5.9373,49.9293],[5.936,49.9294],[5.9318,49.9286],[5.9313,49.9289],[5.9312,49.9303],[5.9341,49.9308],[5.9339,49.9317],[5.9289,49.9329],[5.928,49.9325],[5.9234,49.9323],[5.9213,49.9327],[5.9192,49.9326],[5.9164,49.9332],[5.9165,49.9345],[5.9155,49.9352],[5.9127,49.9362],[5.9104,49.938],[5.9094,49.9401],[5.9083,49.9416],[5.9067,49.9428],[5.9055,49.9431],[5.904,49.943],[5.8999,49.9434],[5.8983,49.9439],[5.8961,49.9457],[5.8934,49.9464],[5.8912,49.9463],[5.8892,49.9475],[5.8867,49.9476],[5.8844,49.9468],[5.8808,49.9452],[5.879,49.9463],[5.8788,49.9478],[5.8782,49.9489],[5.8783,49.9498],[5.8758,49.9483],[5.8752,49.9491],[5.8725,49.9488],[5.872,49.9495],[5.8702,49.9499],[5.8682,49.9494],[5.8663,49.9485],[5.8671,49.9471],[5.8681,49.9462],[5.8666,49.9458],[5.8669,49.9423],[5.8681,49.9396],[5.867,49.9393],[5.8651,49.9394],[5.8634,49.9386],[5.8619,49.9384],[5.8571,49.9384],[5.8541,49.9365],[5.8529,49.9366],[5.8524,49.9374],[5.8487,49.9364],[5.8461,49.9359],[5.8448,49.9364],[5.8431,49.9364],[5.8417,49.9374],[5.841,49.9384],[5.8407,49.9395],[5.8387,49.9403],[5.8366,49.9405],[5.8329,49.9415],[5.8323,49.9428],[5.8328,49.9439],[5.835,49.945],[5.8354,49.9467],[5.8373,49.948],[5.8395,49.9488],[5.8387,49.9497],[5.8387,49.951],[5.838,49.9516],[5.8366,49.9517],[5.8316,49.9536],[5.8303,49.9537],[5.8257,49.9529],[5.8238,49.952],[5.8223,49.9517],[5.8203,49.9517],[5.817,49.9505],[5.8156,49.9521],[5.813,49.9514],[5.8106,49.9538],[5.813,49.9546],[5.8121,49.9555],[5.8132,49.9562],[5.8129,49.9574],[5.811,49.9588],[5.8091,49.9583],[5.8078,49.9591],[5.8071,49.9604],[5.8077,49.9622],[5.8084,49.9629],[5.8101,49.9638],[5.8065,49.9623],[5.8035,49.9633],[5.8002,49.963],[5.7971,49.9646],[5.7961,49.9656],[5.7945,49.9653],[5.7909,49.9639],[5.7913,49.9622],[5.7906,49.9618],[5.7856,49.961],[5.7832,49.962],[5.7806,49.9627],[5.775,49.9608],[5.7757,49.9595],[5.7772,49.9577],[5.7737,49.9565],[5.7749,49.9549],[5.7744,49.9537],[5.775,49.9531],[5.7739,49.9523],[5.7722,49.9515],[5.7704,49.9496],[5.7713,49.9461],[5.7727,49.9456],[5.7732,49.9448],[5.7718,49.9445],[5.7739,49.9414],[5.7752,49.9377],[5.7731,49.9377],[5.7725,49.9367],[5.7704,49.9367],[5.7703,49.9341],[5.7701,49.9332],[5.771,49.9317],[5.7689,49.9317],[5.7665,49.9312],[5.7639,49.9315],[5.7646,49.9305],[5.7638,49.9298],[5.7647,49.929],[5.7634,49.9273],[5.7636,49.9265],[5.7648,49.9264],[5.7633,49.9239],[5.7619,49.9231],[5.7622,49.9217],[5.762,49.9197],[5.761,49.9185],[5.7609,49.9173],[5.764,49.9158],[5.7665,49.9159],[5.7694,49.9175],[5.772,49.9182],[5.772,49.9188],[5.7735,49.9194],[5.7756,49.9182],[5.7802,49.9182],[5.7833,49.9179],[5.7883,49.9185],[5.7924,49.918],[5.796,49.9189],[5.7997,49.9201],[5.8001,49.9191],[5.8022,49.9196],[5.8045,49.9195],[5.8064,49.9188],[5.8094,49.9193],[5.81,49.9186],[5.8117,49.9187],[5.8126,49.9193],[5.814,49.9172],[5.8129,49.9164],[5.8142,49.916],[5.8175,49.9165],[5.8162,49.9143],[5.8181,49.9143],[5.8186,49.916],[5.8204,49.9157],[5.8221,49.9162],[5.8244,49.9157],[5.824,49.9137],[5.825,49.9122],[5.8265,49.9123],[5.8307,49.9135],[5.8329,49.9132],[5.8357,49.9133],[5.8356,49.9121],[5.8347,49.911],[5.8363,49.9101],[5.8386,49.9099],[5.8396,49.9094],[5.8417,49.909],[5.8452,49.91],[5.8464,49.9097],[5.8491,49.9098],[5.8502,49.9097],[5.8505,49.9088],[5.8535,49.9077],[5.8558,49.9076],[5.8573,49.9068],[5.8584,49.9049],[5.8597,49.9036],[5.8616,49.9025],[5.8622,49.9014],[5.862,49.9007],[5.8597,49.899],[5.8595,49.8985],[5.8605,49.8976],[5.8636,49.8976],[5.8649,49.8981],[5.8663,49.9018],[5.8669,49.9023],[5.8693,49.9028],[5.8718,49.9027],[5.8751,49.9021],[5.8774,49.902],[5.8789,49.9024],[5.8804,49.9033],[5.8813,49.9053],[5.8842,49.906],[5.8862,49.9076],[5.8864,49.9089],[5.888,49.9106],[5.8908,49.9118],[5.8946,49.9114],[5.8962,49.912],[5.897,49.9135],[5.8984,49.914],[5.9001,49.9135],[5.9032,49.9097],[5.9036,49.9083],[5.9043,49.9076],[5.9054,49.9075],[5.909,49.9099],[5.9097,49.9111],[5.9119,49.9112],[5.9124,49.91],[5.9124,49.9088],[5.9139,49.9065],[5.9158,49.9046],[5.9173,49.9037],[5.9193,49.9043],[5.9195,49.9055],[5.9177,49.9098],[5.918,49.9112],[5.9186,49.9118],[5.9203,49.9123],[5.9217,49.9123],[5.924,49.9106],[5.9262,49.9115],[5.926,49.9121],[5.9241,49.9138],[5.9245,49.915],[5.9259,49.9156],[5.9268,49.9155],[5.9285,49.9138],[5.9293,49.9124],[5.932,49.9121],[5.9317,49.9128],[5.9321,49.9146],[5.9331,49.9157],[5.9346,49.9157],[5.9352,49.9147],[5.9375,49.9151],[5.939,49.9144],[5.9398,49.9132],[5.9399,49.9117],[5.9395,49.9113],[5.94,49.9096],[5.9415,49.9102],[5.9467,49.9106],[5.9499,49.9107]]]},"properties":{"name":"Lac de la Haute-Sûre","slug":"lac-de-la-haute-sure"}},{"type":"Feature","geometry":{"type":"Polygon","coordinates":[[[5.9083,49.9957],[5.9089,49.9952],[5.9085,49.9943],[5.9115,49.9919],[5.9139,49.9924],[5.9157,49.9922],[5.9166,49.9925],[5.9173,49.9902],[5.9151,49.9897],[5.9136,49.9902],[5.9134,49.9891],[5.9122,49.9878],[5.9135,49.9865],[5.9151,49.9865],[5.9154,49.9852],[5.9175,49.9854],[5.9189,49.9851],[5.9191,49.9842],[5.9201,49.9826],[5.9197,49.9821],[5.9205,49.98],[5.9194,49.9798],[5.9197,49.9788],[5.9212,49.978],[5.9228,49.9775],[5.9223,49.9769],[5.9199,49.9772],[5.9182,49.977],[5.9181,49.9752],[5.9163,49.9746],[5.9126,49.9741],[5.9155,49.972],[5.9129,49.9718],[5.9115,49.9714],[5.9069,49.971],[5.9053,49.9699],[5.904,49.9695],[5.9005,49.968],[5.9,49.9662],[5.8991,49.9652],[5.8976,49.9645],[5.8982,49.9621],[5.8972,49.9617],[5.8951,49.96],[5.8937,49.9609],[5.8914,49.9598],[5.8881,49.9586],[5.8866,49.9577],[5.8866,49.9572],[5.8851,49.9552],[5.8816,49.9542],[5.8821,49.9531],[5.8779,49.9514],[5.8783,49.9498],[5.8782,49.9489],[5.8788,49.9478],[5.879,49.9463],[5.8808,49.9452],[5.8844,49.9468],[5.8867,49.9476],[5.8892,49.9475],[5.8912,49.9463],[5.8934,49.9464],[5.8961,49.9457],[5.8983,49.9439],[5.8999,49.9434],[5.904,49.943],[5.9055,49.9431],[5.9067,49.9428],[5.9083,49.9416],[5.9094,49.9401],[5.9104,49.938],[5.9127,49.9362],[5.9155,49.9352],[5.9165,49.9345],[5.918,49.9353],[5.9202,49.9361],[5.9202,49.9372],[5.9192,49.9393],[5.9217,49.9401],[5.9229,49.9396],[5.9244,49.9397],[5.9247,49.9411],[5.9272,49.9407],[5.9298,49.9413],[5.9311,49.9398],[5.9322,49.9392],[5.9339,49.9395],[5.9326,49.9409],[5.9342,49.9417],[5.9355,49.9417],[5.9362,49.9409],[5.9393,49.9409],[5.9404,49.9402],[5.9436,49.9402],[5.9452,49.9389],[5.9499,49.9394],[5.9538,49.9404],[5.9546,49.9415],[5.9561,49.9423],[5.9555,49.9433],[5.9535,49.9447],[5.9542,49.9457],[5.9535,49.9466],[5.9549,49.9481],[5.9546,49.9496],[5.9528,49.9508],[5.9517,49.9519],[5.9519,49.9528],[5.9504,49.9539],[5.9514,49.9553],[5.9535,49.9574],[5.9538,49.9583],[5.9524,49.9612],[5.954,49.9634],[5.9576,49.9636],[5.9585,49.963],[5.9582,49.9613],[5.9587,49.9605],[5.9609,49.96],[5.9624,49.9602],[5.9643,49.9613],[5.9671,49.962],[5.9688,49.9626],[5.9695,49.9632],[5.9677,49.9633],[5.9666,49.9642],[5.9668,49.9652],[5.9678,49.9663],[5.9699,49.9672],[5.9702,49.9678],[5.9655,49.968],[5.9639,49.9699],[5.9667,49.9718],[5.9677,49.9723],[5.9682,49.9741],[5.969,49.9744],[5.9694,49.9755],[5.9692,49.9776],[5.9705,49.9807],[5.9699,49.9834],[5.9707,49.984],[5.9731,49.9849],[5.9721,49.9867],[5.9679,49.9858],[5.9662,49.9866],[5.9653,49.9888],[5.966,49.9905],[5.9674,49.9914],[5.9683,49.9939],[5.971,49.9953],[5.9677,49.9965],[5.9661,49.9985],[5.9678,49.9994],[5.9673,50.0006],[5.9688,50.0016],[5.9724,50.0033],[5.9718,50.004],[5.9742,50.0052],[5.9752,50.0068],[5.9779,50.0084],[5.9801,50.0094],[5.9797,50.0106],[5.9799,50.0122],[5.9784,50.014],[5.9787,50.0154],[5.9765,50.0171],[5.9766,50.0179],[5.9775,50.0191],[5.9783,50.0209],[5.9774,50.0224],[5.9763,50.0232],[5.9761,50.0241],[5.9732,50.0245],[5.9718,50.0242],[5.9715,50.0252],[5.9689,50.0266],[5.9709,50.0273],[5.9699,50.028],[5.9715,50.0288],[5.9727,50.0306],[5.973,50.0318],[5.9724,50.0322],[5.9685,50.0319],[5.9662,50.032],[5.9643,50.0304],[5.9625,50.0301],[5.9607,50.0285],[5.9581,50.0273],[5.9555,50.0263],[5.9546,50.0273],[5.9512,50.028],[5.9488,50.0272],[5.9481,50.0263],[5.9428,50.0251],[5.9421,50.0241],[5.9388,50.0219],[5.9368,50.0196],[5.9346,50.0199],[5.9326,50.02],[5.9313,50.0207],[5.9318,50.0218],[5.9319,50.0237],[5.9311,50.0249],[5.9297,50.0257],[5.9271,50.0236],[5.9278,50.0228],[5.927,50.0213],[5.9301,50.0209],[5.9305,50.0198],[5.9282,50.0198],[5.9282,50.0183],[5.927,50.0181],[5.9268,50.017],[5.9239,50.0161],[5.9243,50.0143],[5.9257,50.0132],[5.9251,50.0128],[5.9255,50.0117],[5.9278,50.0116],[5.9287,50.0108],[5.9282,50.0103],[5.9277,50.0085],[5.9269,50.0081],[5.9231,50.0081],[5.9231,50.0094],[5.921,50.009],[5.9204,50.008],[5.9205,50.007],[5.9197,50.0042],[5.9151,50.0021],[5.9101,50.0002],[5.9109,49.9983],[5.9106,49.9973],[5.9096,49.997],[5.9083,49.9957]]]},"properties":{"name":"Wiltz","slug":"wiltz"}},{"type":"Feature","geometry":{"type":"Polygon","coordinates":[[[5.8401,49.9894],[5.8392,49.9889],[5.8394,49.9875],[5.839,49.9868],[5.8388,49.9844],[5.8395,49.9841],[5.8386,49.9823],[5.8375,49.9809],[5.8342,49.9782],[5.8335,49.9785],[5.832,49.9765],[5.8305,49.976],[5.828,49.976],[5.8264,49.9747],[5.8256,49.9752],[5.8236,49.9752],[5.8202,49.9738],[5.8201,49.9726],[5.8191,49.9723],[5.8168,49.9726],[5.8132,49.9726],[5.8105,49.9706],[5.8108,49.9699],[5.8097,49.9676],[5.811,49.9658],[5.8101,49.9638],[5.8084,49.9629],[5.8077,49.9622],[5.8071,49.9604],[5.8078,49.9591],[5.8091,49.9583],[5.811,49.9588],[5.8129,49.9574],[5.8132,49.9562],[5.8121,49.9555],[5.813,49.9546],[5.8106,49.9538],[5.813,49.9514],[5.8156,49.9521],[5.817,49.9505],[5.8203,49.9517],[5.8223,49.9517],[5.8238,49.952],[5.8257,49.9529],[5.8303,49.9537],[5.8316,49.9536],[5.8366,49.9517],[5.838,49.9516],[5.8387,49.951],[5.8387,49.9497],[5.8395,49.9488],[5.8373,49.948],[5.8354,49.9467],[5.835,49.945],[5.8328,49.9439],[5.8323,49.9428],[5.8329,49.9415],[5.8366,49.9405],[5.8387,49.9403],[5.8407,49.9395],[5.841,49.9384],[5.8417,49.9374],[5.8431,49.9364],[5.8448,49.9364],[5.8461,49.9359],[5.8487,49.9364],[5.8524,49.9374],[5.8529,49.9366],[5.8541,49.9365],[5.8571,49.9384],[5.8619,49.9384],[5.8634,49.9386],[5.8651,49.9394],[5.867,49.9393],[5.8681,49.9396],[5.8669,49.9423],[5.8666,49.9458],[5.8681,49.9462],[5.8671,49.9471],[5.8663,49.9485],[5.8682,49.9494],[5.8702,49.9499],[5.872,49.9495],[5.8725,49.9488],[5.8752,49.9491],[5.8758,49.9483],[5.8783,49.9498],[5.8779,49.9514],[5.8821,49.9531],[5.8816,49.9542],[5.8851,49.9552],[5.8866,49.9572],[5.8866,49.9577],[5.8881,49.9586],[5.8914,49.9598],[5.8937,49.9609],[5.8951,49.96],[5.8972,49.9617],[5.8982,49.9621],[5.8976,49.9645],[5.8991,49.9652],[5.9,49.9662],[5.9005,49.968],[5.904,49.9695],[5.9053,49.9699],[5.9069,49.971],[5.9115,49.9714],[5.9129,49.9718],[5.9155,49.972],[5.9126,49.9741],[5.9163,49.9746],[5.9181,49.9752],[5.9182,49.977],[5.9199,49.9772],[5.9223,49.9769],[5.9228,49.9775],[5.9212,49.978],[5.9197,49.9788],[5.9194,49.9798],[5.9205,49.98],[5.9197,49.9821],[5.9201,49.9826],[5.9191,49.9842],[5.9189,49.9851],[5.9175,49.9854],[5.9154,49.9852],[5.9151,49.9865],[5.9135,49.9865],[5.9122,49.9878],[5.9134,49.9891],[5.9136,49.9902],[5.9151,49.9897],[5.9173,49.9902],[5.9166,49.9925],[5.9157,49.9922],[5.9139,49.9924],[5.9115,49.9919],[5.9085,49.9943],[5.9089,49.9952],[5.9083,49.9957],[5.9067,49.9951],[5.9061,49.993],[5.9039,49.994],[5.9029,49.9941],[5.9003,49.9933],[5.8996,49.9933],[5.8988,49.9961],[5.8977,49.9978],[5.8964,49.9976],[5.8974,49.9964],[5.8988,49.9936],[5.8966,49.9924],[5.8951,49.9923],[5.8949,49.9929],[5.8925,49.9929],[5.891,49.9933],[5.8904,49.9924],[5.8907,49.9915],[5.8875,49.9922],[5.8859,49.9929],[5.8853,49.9938],[5.8831,49.9946],[5.8809,49.9959],[5.8774,49.9973],[5.8765,49.9982],[5.8723,49.9998],[5.8706,50.0002],[5.8692,49.9995],[5.8703,49.9969],[5.8715,49.9947],[5.871,49.9935],[5.8716,49.9913],[5.8686,49.99],[5.8669,49.9906],[5.8653,49.9892],[5.8613,49.9878],[5.8586,49.9875],[5.8593,49.99],[5.858,49.9907],[5.8572,49.9907],[5.8555,49.9895],[5.8513,49.9884],[5.8514,49.9901],[5.8478,49.9899],[5.8463,49.9901],[5.8441,49.99],[5.8401,49.9894]]]},"properties":{"name":"Winseler","slug":"winseler"}},{"type":"Feature","geometry":{"type":"Polygon","coordinates":[[[6.0401,50.0055],[6.0399,50.0044],[6.0376,50.0029],[6.0369,50.002],[6.0355,50.0011],[6.0331,50.0002],[6.0327,50.0006],[6.0309,49.9995],[6.0285,49.9996],[6.0266,49.9992],[6.0262,50.0005],[6.022,49.9989],[6.0196,50.0005],[6.0202,50.0008],[6.0189,50.0019],[6.0174,50.0009],[6.0169,50.0026],[6.0162,50.0035],[6.0128,50.0027],[6.0121,50.0036],[6.0097,50.0028],[6.0083,50.0041],[6.0125,50.006],[6.0109,50.0065],[6.0095,50.008],[6.0075,50.0084],[6.0066,50.0094],[6.0058,50.0107],[6.0064,50.0115],[6.0044,50.0117],[6.0007,50.0114],[5.9975,50.0123],[5.9966,50.0122],[5.9947,50.0132],[5.9928,50.0132],[5.9906,50.0139],[5.9896,50.0148],[5.988,50.0136],[5.985,50.0125],[5.9851,50.0142],[5.9885,50.0152],[5.9876,50.0163],[5.985,50.0172],[5.9842,50.02],[5.9803,50.0181],[5.9766,50.0179],[5.9765,50.0171],[5.9787,50.0154],[5.9784,50.014],[5.9799,50.0122],[5.9797,50.0106],[5.9801,50.0094],[5.9779,50.0084],[5.9752,50.0068],[5.9742,50.0052],[5.9718,50.004],[5.9724,50.0033],[5.9688,50.0016],[5.9673,50.0006],[5.9678,49.9994],[5.9661,49.9985],[5.9677,49.9965],[5.971,49.9953],[5.9683,49.9939],[5.9674,49.9914],[5.966,49.9905],[5.9653,49.9888],[5.9662,49.9866],[5.9679,49.9858],[5.9721,49.9867],[5.9731,49.9849],[5.9707,49.984],[5.9699,49.9834],[5.9705,49.9807],[5.9692,49.9776],[5.9694,49.9755],[5.969,49.9744],[5.9682,49.9741],[5.9677,49.9723],[5.9667,49.9718],[5.9639,49.9699],[5.9655,49.968],[5.9702,49.9678],[5.9699,49.9672],[5.9678,49.9663],[5.9668,49.9652],[5.9666,49.9642],[5.9677,49.9633],[5.9695,49.9632],[5.97,49.9644],[5.9715,49.9642],[5.9713,49.9621],[5.9706,49.9609],[5.971,49.9603],[5.9733,49.9593],[5.978,49.9592],[5.9783,49.9569],[5.9795,49.9559],[5.9807,49.9559],[5.983,49.9569],[5.9861,49.9575],[5.9874,49.9549],[5.985,49.9538],[5.985,49.9531],[5.9872,49.9534],[5.9871,49.9527],[5.9887,49.9516],[5.9898,49.9525],[5.9911,49.9529],[5.9931,49.9531],[5.9948,49.9518],[5.9976,49.9523],[5.9991,49.9521],[5.9984,49.9513],[6.0002,49.9513],[6.0006,49.9507],[5.9991,49.9503],[5.999,49.9491],[6.0013,49.9485],[6.0025,49.9477],[6.0053,49.9476],[6.0082,49.9479],[6.0085,49.9469],[6.0109,49.9471],[6.0111,49.9477],[6.0147,49.9474],[6.0145,49.9457],[6.0155,49.9452],[6.0173,49.9454],[6.0178,49.9446],[6.0155,49.9442],[6.0143,49.943],[6.0136,49.9432],[6.014,49.9448],[6.012,49.9444],[6.0113,49.9437],[6.0111,49.9426],[6.0115,49.9416],[6.0131,49.9406],[6.0153,49.9404],[6.0167,49.941],[6.019,49.9413],[6.0235,49.9417],[6.0251,49.9396],[6.0272,49.9388],[6.0321,49.9381],[6.0328,49.9373],[6.0345,49.937],[6.0356,49.9374],[6.0362,49.9384],[6.0358,49.9401],[6.0376,49.9401],[6.0367,49.9429],[6.0368,49.9441],[6.038,49.9455],[6.0404,49.9471],[6.041,49.9489],[6.04,49.9502],[6.0389,49.9509],[6.0404,49.9513],[6.0423,49.9532],[6.0415,49.9541],[6.0391,49.955],[6.0381,49.9561],[6.0367,49.9582],[6.0389,49.9587],[6.0417,49.9606],[6.0428,49.9617],[6.042,49.9634],[6.0392,49.9632],[6.0361,49.9641],[6.031,49.965],[6.0283,49.964],[6.0261,49.966],[6.0249,49.9662],[6.0236,49.9671],[6.0233,49.968],[6.0253,49.9696],[6.0295,49.971],[6.0284,49.9718],[6.0259,49.9731],[6.0274,49.9742],[6.0285,49.9757],[6.0317,49.9772],[6.0321,49.9791],[6.0329,49.9798],[6.0344,49.9804],[6.0363,49.9819],[6.0362,49.9836],[6.0403,49.985],[6.0412,49.9836],[6.0428,49.9838],[6.0445,49.985],[6.0456,49.9863],[6.0472,49.9867],[6.048,49.9863],[6.0518,49.9872],[6.0532,49.9878],[6.0523,49.9888],[6.0522,49.9911],[6.0516,49.9924],[6.0535,49.9935],[6.0562,49.9941],[6.0564,49.9951],[6.0587,49.9961],[6.0592,49.9967],[6.0584,49.9975],[6.0597,49.9982],[6.0608,50.0002],[6.0604,50.0031],[6.0597,50.0037],[6.0569,50.002],[6.0561,50.002],[6.0531,50.0005],[6.048,49.9987],[6.0464,49.9978],[6.0444,49.9974],[6.0441,49.9996],[6.0434,50.0004],[6.044,50.0022],[6.0429,50.0031],[6.043,50.004],[6.0417,50.0051],[6.0401,50.0055]]]},"properties":{"name":"Kiischpelt","slug":"kiischpelt"}},{"type":"Feature","geometry":{"type":"Polygon","coordinates":[[[6.3392,49.5382],[6.3413,49.5365],[6.344,49.5354],[6.3447,49.5346],[6.3465,49.5342],[6.3493,49.5346],[6.3531,49.5362],[6.3555,49.5388],[6.3565,49.5377],[6.3609,49.5365],[6.3632,49.538],[6.367,49.54],[6.3685,49.5413],[6.3699,49.543],[6.374,49.5462],[6.3776,49.5483],[6.3784,49.549],[6.3809,49.5523],[6.3814,49.5533],[6.3825,49.5568],[6.3822,49.5575],[6.3804,49.559],[6.3755,49.5618],[6.3732,49.5606],[6.3722,49.5606],[6.3698,49.5598],[6.3666,49.5595],[6.3644,49.5588],[6.3628,49.5568],[6.3564,49.5555],[6.3554,49.5556],[6.3512,49.5537],[6.3501,49.5533],[6.3488,49.5541],[6.3476,49.5524],[6.3448,49.5496],[6.3421,49.5473],[6.3431,49.5437],[6.3433,49.5425],[6.3402,49.5401],[6.3392,49.5382]]]},"properties":{"name":"Remich","slug":"remich"}},{"type":"Feature","geometry":{"type":"Polygon","coordinates":[[[6.317,49.5278],[6.3163,49.5269],[6.3186,49.526],[6.3221,49.5256],[6.3232,49.5247],[6.3232,49.524],[6.3243,49.5236],[6.323,49.5227],[6.3118,49.5171],[6.3094,49.5162],[6.306,49.5139],[6.3045,49.512],[6.3019,49.5104],[6.2993,49.5086],[6.2978,49.5072],[6.2965,49.5039],[6.2975,49.5031],[6.299,49.5026],[6.2981,49.5014],[6.3004,49.5004],[6.3,49.4998],[6.3008,49.4986],[6.3009,49.4969],[6.2999,49.4952],[6.2943,49.4972],[6.2936,49.4958],[6.2912,49.4971],[6.2896,49.4961],[6.287,49.497],[6.2856,49.4948],[6.2864,49.4936],[6.2884,49.4945],[6.2896,49.4937],[6.2883,49.4914],[6.2859,49.4922],[6.2844,49.4914],[6.2848,49.4902],[6.2864,49.4881],[6.2886,49.4877],[6.2894,49.4872],[6.2875,49.4862],[6.2888,49.4848],[6.2902,49.4846],[6.2917,49.4857],[6.2917,49.4868],[6.2923,49.4875],[6.2937,49.4877],[6.2941,49.4871],[6.296,49.4873],[6.2984,49.4887],[6.2995,49.488],[6.2983,49.4866],[6.2965,49.4832],[6.2957,49.4826],[6.2951,49.4814],[6.2962,49.4802],[6.299,49.4803],[6.2992,49.4797],[6.3014,49.4792],[6.3034,49.4783],[6.3043,49.4783],[6.3061,49.4774],[6.308,49.4789],[6.313,49.4804],[6.3144,49.478],[6.3146,49.4771],[6.3163,49.4778],[6.3186,49.478],[6.3207,49.4774],[6.3247,49.4748],[6.3253,49.4738],[6.3274,49.4724],[6.3283,49.4727],[6.3299,49.4701],[6.3328,49.4696],[6.334,49.4669],[6.338,49.4685],[6.3401,49.4682],[6.3427,49.4691],[6.3459,49.4665],[6.3473,49.4659],[6.3487,49.4662],[6.3499,49.4669],[6.3529,49.4673],[6.356,49.4646],[6.3605,49.4614],[6.3645,49.4595],[6.3689,49.4599],[6.3683,49.4616],[6.3676,49.4651],[6.3662,49.4665],[6.3663,49.4678],[6.3677,49.4694],[6.3684,49.4716],[6.3679,49.4759],[6.3677,49.4793],[6.3681,49.4823],[6.3692,49.487],[6.3693,49.489],[6.3674,49.4937],[6.3671,49.4957],[6.3672,49.4984],[6.368,49.5016],[6.3679,49.5033],[6.3665,49.5083],[6.3609,49.5195],[6.3592,49.5234],[6.3584,49.5257],[6.3567,49.5292],[6.3565,49.5302],[6.3568,49.5317],[6.3597,49.5354],[6.3609,49.5365],[6.3565,49.5377],[6.3555,49.5388],[6.3531,49.5362],[6.3493,49.5346],[6.3465,49.5342],[6.3447,49.5346],[6.344,49.5354],[6.3413,49.5365],[6.3392,49.5382],[6.3383,49.5364],[6.3383,49.5351],[6.3388,49.5348],[6.3376,49.5333],[6.3351,49.5328],[6.3336,49.5335],[6.3322,49.5326],[6.3303,49.533],[6.3285,49.5322],[6.3274,49.5305],[6.325,49.5309],[6.3208,49.5306],[6.3201,49.5304],[6.317,49.5278]]]},"properties":{"name":"Schengen","slug":"schengen"}},{"type":"Feature","geometry":{"type":"Polygon","coordinates":[[[6.3123,49.5816],[6.3135,49.5814],[6.3157,49.5828],[6.3152,49.584],[6.3124,49.5861],[6.3116,49.5869],[6.3152,49.5893],[6.3236,49.5932],[6.3271,49.5944],[6.3302,49.5945],[6.3375,49.5945],[6.3412,49.5946],[6.3459,49.5945],[6.3491,49.5942],[6.3545,49.5929],[6.3561,49.5934],[6.3604,49.5954],[6.3627,49.5945],[6.3652,49.5942],[6.3646,49.5926],[6.3662,49.5921],[6.3687,49.5927],[6.3698,49.592],[6.3696,49.5907],[6.3702,49.5894],[6.3719,49.5905],[6.3726,49.5917],[6.3721,49.5927],[6.3737,49.5932],[6.3743,49.5941],[6.3762,49.5959],[6.3777,49.5981],[6.3796,49.5994],[6.382,49.6017],[6.3822,49.6023],[6.3815,49.6033],[6.382,49.6042],[6.3793,49.6042],[6.377,49.6033],[6.3765,49.6045],[6.3773,49.6066],[6.3781,49.6069],[6.3802,49.6069],[6.3791,49.608],[6.3802,49.6094],[6.3759,49.6103],[6.3745,49.6112],[6.3721,49.6121],[6.3723,49.6129],[6.3695,49.6131],[6.3673,49.6145],[6.3665,49.6154],[6.3655,49.6156],[6.3646,49.6158],[6.3623,49.6136],[6.361,49.614],[6.3607,49.6147],[6.3586,49.616],[6.3568,49.6157],[6.3562,49.6151],[6.3537,49.6152],[6.3523,49.6159],[6.3493,49.6139],[6.3482,49.6118],[6.3483,49.6107],[6.3492,49.6095],[6.3488,49.609],[6.346,49.6072],[6.3446,49.6079],[6.3441,49.6094],[6.3459,49.6103],[6.3446,49.6112],[6.3456,49.6139],[6.3451,49.614],[6.3449,49.6161],[6.3444,49.6167],[6.3404,49.6157],[6.3397,49.6188],[6.34,49.6196],[6.3385,49.6198],[6.3389,49.6221],[6.3353,49.6218],[6.3349,49.6225],[6.3331,49.6225],[6.3329,49.6234],[6.3309,49.6245],[6.3287,49.6245],[6.3282,49.6251],[6.33,49.6267],[6.3279,49.6269],[6.3241,49.6267],[6.3213,49.6274],[6.3167,49.6278],[6.3126,49.6278],[6.3097,49.6284],[6.306,49.6269],[6.3045,49.6261],[6.2995,49.6224],[6.2954,49.6191],[6.289,49.6141],[6.2799,49.6075],[6.2784,49.606],[6.2761,49.6043],[6.2738,49.6013],[6.2754,49.6007],[6.2775,49.6021],[6.2798,49.6022],[6.2822,49.6028],[6.2849,49.6026],[6.2863,49.6018],[6.2885,49.6018],[6.2896,49.5998],[6.2919,49.5987],[6.2952,49.5982],[6.2967,49.5955],[6.2996,49.5931],[6.2997,49.5912],[6.3018,49.5905],[6.3013,49.5899],[6.302,49.5888],[6.3023,49.5867],[6.3029,49.585],[6.3024,49.5838],[6.3008,49.5826],[6.3018,49.5818],[6.3041,49.5811],[6.3086,49.5806],[6.3123,49.5816]]]},"properties":{"name":"Lenningen","slug":"lenningen"}},{"type":"Feature","geometry":{"type":"Polygon","coordinates":[[[5.9177,49.6725],[5.918,49.6739],[5.9208,49.6753],[5.9231,49.6766],[5.9238,49.678],[5.9257,49.6791],[5.9274,49.6812],[5.9303,49.6795],[5.9314,49.6793],[5.9333,49.6795],[5.9371,49.6805],[5.9382,49.6804],[5.9387,49.6797],[5.9407,49.6793],[5.9416,49.678],[5.9433,49.6777],[5.9442,49.6785],[5.9428,49.6785],[5.9412,49.6803],[5.9377,49.6833],[5.937,49.6849],[5.9381,49.6866],[5.9372,49.6916],[5.9354,49.694],[5.9352,49.6951],[5.9335,49.6974],[5.9341,49.6983],[5.9315,49.6994],[5.9298,49.7004],[5.9293,49.7019],[5.9278,49.7036],[5.9246,49.7026],[5.9237,49.7029],[5.9226,49.704],[5.9212,49.7044],[5.9181,49.7042],[5.9167,49.7044],[5.9162,49.7038],[5.9145,49.7032],[5.9137,49.7033],[5.9117,49.7049],[5.9099,49.7068],[5.9098,49.7086],[5.9104,49.7102],[5.9082,49.7119],[5.9072,49.7118],[5.904,49.7108],[5.8999,49.7108],[5.9004,49.7119],[5.8986,49.7129],[5.8959,49.7122],[5.8932,49.7106],[5.8924,49.7104],[5.8894,49.7104],[5.8869,49.7093],[5.8819,49.7054],[5.8797,49.7029],[5.8779,49.7012],[5.8746,49.6993],[5.8726,49.6984],[5.8718,49.6984],[5.8708,49.6974],[5.8703,49.6962],[5.8687,49.6944],[5.8667,49.6944],[5.8657,49.693],[5.867,49.6921],[5.8653,49.69],[5.8634,49.6885],[5.8643,49.6883],[5.8645,49.6874],[5.8626,49.6846],[5.8629,49.6831],[5.8618,49.6811],[5.8625,49.6797],[5.8654,49.6761],[5.8675,49.6751],[5.8702,49.6754],[5.8739,49.6733],[5.8769,49.6734],[5.8792,49.6729],[5.8809,49.672],[5.8824,49.6717],[5.8824,49.6703],[5.8851,49.6703],[5.8846,49.6694],[5.8851,49.6687],[5.8865,49.6679],[5.8875,49.6697],[5.8897,49.6705],[5.8901,49.6703],[5.8915,49.6692],[5.8923,49.669],[5.8935,49.6696],[5.8956,49.6698],[5.8964,49.6702],[5.8965,49.6721],[5.897,49.6745],[5.8969,49.6757],[5.8996,49.676],[5.9036,49.6756],[5.9037,49.6762],[5.9074,49.6759],[5.9097,49.6754],[5.9129,49.6737],[5.9158,49.6733],[5.9177,49.6725]]]},"properties":{"name":"Hobscheid","slug":"hobscheid"}},{"type":"Feature","geometry":{"type":"Polygon","coordinates":[[[5.9995,49.7209],[5.9931,49.7193],[5.9906,49.719],[5.9899,49.7207],[5.9903,49.7223],[5.9895,49.7237],[5.9875,49.7237],[5.9812,49.7219],[5.9784,49.7207],[5.9748,49.7203],[5.9713,49.7202],[5.9709,49.7209],[5.9694,49.7206],[5.9685,49.7198],[5.9673,49.7194],[5.9651,49.7182],[5.9642,49.717],[5.9618,49.7159],[5.9596,49.7145],[5.9576,49.7136],[5.9544,49.7125],[5.9515,49.7105],[5.95,49.7087],[5.9463,49.7087],[5.9433,49.7074],[5.937,49.7039],[5.9326,49.7026],[5.9293,49.7019],[5.9298,49.7004],[5.9315,49.6994],[5.9341,49.6983],[5.9335,49.6974],[5.9352,49.6951],[5.9354,49.694],[5.9372,49.6916],[5.9381,49.6866],[5.937,49.6849],[5.9377,49.6833],[5.9412,49.6803],[5.9428,49.6785],[5.9442,49.6785],[5.9446,49.679],[5.9422,49.6816],[5.9421,49.6832],[5.9411,49.6841],[5.9425,49.685],[5.9425,49.6857],[5.9456,49.6864],[5.9476,49.6874],[5.9492,49.6892],[5.9503,49.6895],[5.9515,49.6886],[5.9532,49.6878],[5.9564,49.6876],[5.9577,49.6881],[5.9604,49.6899],[5.9609,49.6917],[5.9631,49.6921],[5.964,49.6914],[5.9655,49.6913],[5.9724,49.6927],[5.9762,49.6926],[5.9776,49.6915],[5.9786,49.6902],[5.9809,49.6886],[5.983,49.6894],[5.9845,49.6908],[5.986,49.6914],[5.9881,49.6929],[5.9911,49.694],[5.9923,49.6939],[5.9936,49.6931],[5.9943,49.692],[5.9935,49.6905],[5.9926,49.6898],[5.9938,49.6877],[5.9944,49.6862],[5.996,49.6864],[5.9961,49.6877],[5.9975,49.6887],[6.0037,49.6903],[6.0046,49.6901],[6.0072,49.6904],[6.0095,49.691],[6.0093,49.6886],[6.017,49.6901],[6.0188,49.6897],[6.0223,49.6923],[6.0227,49.6931],[6.0228,49.6947],[6.0225,49.6959],[6.0195,49.6972],[6.0171,49.6972],[6.015,49.6966],[6.0129,49.695],[6.011,49.6942],[6.0096,49.6946],[6.0088,49.6954],[6.0065,49.6957],[6.006,49.6979],[6.0043,49.6983],[6.0022,49.6981],[5.9999,49.6969],[5.9981,49.6969],[5.9969,49.6976],[5.9979,49.6983],[5.9976,49.6999],[6.0001,49.7005],[5.9993,49.7017],[6.0017,49.7035],[6.0032,49.7028],[6.0039,49.7034],[6.0025,49.7045],[6.0042,49.7056],[6.0017,49.707],[6.0001,49.7084],[5.9976,49.7113],[5.9971,49.712],[5.9993,49.7135],[5.9997,49.7141],[5.9968,49.7167],[5.9982,49.7172],[5.9976,49.7185],[6.0005,49.7196],[5.9995,49.7209]]]},"properties":{"name":"Septfontaines","slug":"septfontaines"}},{"type":"Feature","geometry":{"type":"Polygon","coordinates":[[[6.1167,50.0567],[6.1138,50.0576],[6.1122,50.0597],[6.1125,50.0609],[6.1139,50.0636],[6.1136,50.0656],[6.1146,50.0659],[6.1159,50.0656],[6.1174,50.0647],[6.1185,50.0645],[6.1205,50.065],[6.1211,50.0688],[6.1239,50.0703],[6.1259,50.071],[6.1267,50.0719],[6.1291,50.0733],[6.1286,50.0745],[6.1262,50.0759],[6.125,50.077],[6.1234,50.0764],[6.1221,50.0744],[6.1216,50.0728],[6.1208,50.0724],[6.1189,50.0724],[6.1177,50.0729],[6.1158,50.0746],[6.1177,50.0756],[6.1181,50.0766],[6.1205,50.0789],[6.1217,50.0809],[6.1221,50.0832],[6.1195,50.0859],[6.1197,50.0871],[6.1193,50.0896],[6.12,50.092],[6.1217,50.0935],[6.1231,50.0938],[6.1247,50.0933],[6.1276,50.0929],[6.1293,50.0924],[6.1317,50.0926],[6.1327,50.093],[6.1331,50.0938],[6.1324,50.0949],[6.1297,50.0949],[6.1286,50.0951],[6.1272,50.0966],[6.1256,50.099],[6.1254,50.1008],[6.1258,50.1018],[6.1272,50.1023],[6.13,50.1029],[6.1321,50.1026],[6.1337,50.1027],[6.1354,50.1033],[6.1349,50.1047],[6.1322,50.1057],[6.131,50.1065],[6.1307,50.1083],[6.132,50.1098],[6.1337,50.1113],[6.1349,50.1132],[6.1344,50.1137],[6.131,50.1138],[6.1295,50.1143],[6.1279,50.1161],[6.1287,50.1185],[6.1292,50.1213],[6.1326,50.1229],[6.135,50.1232],[6.1365,50.1242],[6.1372,50.1257],[6.1378,50.128],[6.1379,50.1299],[6.1356,50.1302],[6.1343,50.1296],[6.1308,50.1298],[6.1286,50.1323],[6.1277,50.1328],[6.1265,50.134],[6.1241,50.1346],[6.1207,50.1363],[6.1198,50.1361],[6.1168,50.1364],[6.1138,50.1364],[6.1123,50.136],[6.1103,50.1359],[6.1082,50.1352],[6.1066,50.1343],[6.1039,50.1316],[6.1041,50.1302],[6.1033,50.1296],[6.0988,50.1276],[6.0955,50.1274],[6.0949,50.1269],[6.094,50.1252],[6.0931,50.1243],[6.0885,50.1216],[6.0872,50.1212],[6.0854,50.12],[6.084,50.1183],[6.0813,50.1185],[6.0811,50.1176],[6.0794,50.1161],[6.0777,50.1124],[6.0755,50.1101],[6.0738,50.1093],[6.0696,50.1069],[6.0668,50.1058],[6.0644,50.104],[6.0618,50.1035],[6.0608,50.1031],[6.0585,50.1031],[6.0592,50.1017],[6.0579,50.101],[6.0556,50.099],[6.0543,50.0989],[6.0532,50.0983],[6.0507,50.0991],[6.0496,50.098],[6.0436,50.0966],[6.0369,50.0958],[6.0366,50.0963],[6.0326,50.0962],[6.0289,50.0964],[6.0275,50.0968],[6.0267,50.0947],[6.0269,50.0943],[6.0291,50.0937],[6.0298,50.0931],[6.0292,50.0912],[6.0281,50.0911],[6.0267,50.0887],[6.0266,50.088],[6.0275,50.0875],[6.0276,50.0866],[6.0292,50.0866],[6.0309,50.0852],[6.0313,50.0842],[6.0308,50.0836],[6.0317,50.0826],[6.0316,50.0819],[6.03,50.0807],[6.0284,50.0807],[6.0254,50.0795],[6.0249,50.0781],[6.0256,50.0773],[6.0235,50.0756],[6.0233,50.0735],[6.0209,50.0734],[6.0209,50.0724],[6.0221,50.0694],[6.0216,50.0682],[6.019,50.0683],[6.016,50.0692],[6.0137,50.0707],[6.0111,50.0718],[6.0074,50.0727],[6.0049,50.0718],[6.0031,50.0708],[6,50.0713],[5.9985,50.0712],[5.9956,50.0697],[5.9937,50.0679],[5.9872,50.0669],[5.9856,50.0679],[5.985,50.0676],[5.9856,50.0659],[5.9847,50.0638],[5.9851,50.0625],[5.9864,50.0606],[5.9846,50.0603],[5.9824,50.058],[5.982,50.0558],[5.9822,50.0541],[5.9806,50.0546],[5.9791,50.0556],[5.9772,50.0559],[5.9756,50.0545],[5.9757,50.0522],[5.9749,50.0507],[5.9731,50.0493],[5.9728,50.0479],[5.9719,50.0475],[5.9709,50.0464],[5.9709,50.0452],[5.9693,50.0442],[5.9689,50.0427],[5.964,50.0428],[5.9618,50.0425],[5.9569,50.0411],[5.9594,50.0384],[5.9619,50.0375],[5.9622,50.0355],[5.9607,50.0338],[5.9627,50.033],[5.9637,50.0329],[5.9662,50.032],[5.9685,50.0319],[5.9724,50.0322],[5.973,50.0318],[5.9727,50.0306],[5.9715,50.0288],[5.9699,50.028],[5.9709,50.0273],[5.9689,50.0266],[5.9715,50.0252],[5.9718,50.0242],[5.9732,50.0245],[5.9761,50.0241],[5.9763,50.0232],[5.9774,50.0224],[5.9783,50.0209],[5.9775,50.0191],[5.9766,50.0179],[5.9803,50.0181],[5.9842,50.02],[5.985,50.0172],[5.9876,50.0163],[5.9885,50.0152],[5.9851,50.0142],[5.985,50.0125],[5.988,50.0136],[5.9896,50.0148],[5.9906,50.0139],[5.9928,50.0132],[5.9947,50.0132],[5.9966,50.0122],[5.9975,50.0123],[6.0007,50.0114],[6.0044,50.0117],[6.0064,50.0115],[6.0058,50.0107],[6.0066,50.0094],[6.0075,50.0084],[6.0095,50.008],[6.0109,50.0065],[6.0125,50.006],[6.0083,50.0041],[6.0097,50.0028],[6.0121,50.0036],[6.0128,50.0027],[6.0162,50.0035],[6.0169,50.0026],[6.0174,50.0009],[6.0189,50.0019],[6.0202,50.0008],[6.0196,50.0005],[6.022,49.9989],[6.0262,50.0005],[6.0266,49.9992],[6.0285,49.9996],[6.0309,49.9995],[6.0327,50.0006],[6.0331,50.0002],[6.0355,50.0011],[6.0369,50.002],[6.0376,50.0029],[6.0399,50.0044],[6.0401,50.0055],[6.0376,50.0066],[6.037,50.009],[6.0383,50.0095],[6.0419,50.0114],[6.0416,50.0129],[6.0379,50.0125],[6.0375,50.0144],[6.0361,50.0168],[6.0375,50.017],[6.0396,50.0167],[6.0412,50.0169],[6.0415,50.0181],[6.0409,50.0192],[6.0412,50.0201],[6.0444,50.0205],[6.0461,50.021],[6.0464,50.0215],[6.0481,50.0219],[6.0475,50.0227],[6.0488,50.0269],[6.0532,50.0296],[6.053,50.031],[6.0523,50.0324],[6.0538,50.0342],[6.0568,50.0342],[6.0565,50.0352],[6.0585,50.0377],[6.0603,50.039],[6.0623,50.038],[6.0606,50.0366],[6.0597,50.0362],[6.0583,50.0348],[6.0573,50.0326],[6.0577,50.0307],[6.057,50.0295],[6.0577,50.029],[6.0617,50.0312],[6.0601,50.0326],[6.0616,50.0346],[6.0637,50.036],[6.0666,50.0376],[6.0674,50.0386],[6.0709,50.0396],[6.0695,50.0413],[6.0679,50.041],[6.0675,50.042],[6.0688,50.0427],[6.0715,50.0436],[6.0737,50.044],[6.0763,50.0449],[6.0775,50.0425],[6.0792,50.0431],[6.084,50.0457],[6.0841,50.0465],[6.0871,50.046],[6.0894,50.046],[6.0907,50.0467],[6.0935,50.047],[6.0959,50.0466],[6.0991,50.0479],[6.1013,50.048],[6.1008,50.0492],[6.1017,50.0509],[6.1046,50.0524],[6.1074,50.0532],[6.1108,50.0552],[6.1121,50.0553],[6.1153,50.056],[6.1167,50.0567]]]},"properties":{"name":"Clervaux","slug":"clervaux"}},{"type":"Feature","geometry":{"type":"Polygon","coordinates":[[[5.9873,49.4626],[5.9881,49.4613],[5.9878,49.4603],[5.9867,49.4587],[5.9857,49.4557],[5.9824,49.457],[5.9793,49.4552],[5.9788,49.454],[5.9791,49.4527],[5.982,49.4511],[5.9858,49.4523],[5.9979,49.4565],[6.0012,49.4565],[6.0057,49.4534],[6.0078,49.4516],[6.0115,49.4535],[6.0138,49.4525],[6.0156,49.454],[6.018,49.454],[6.0198,49.4543],[6.0218,49.455],[6.0233,49.4551],[6.0267,49.4542],[6.0281,49.4558],[6.0293,49.455],[6.0271,49.4536],[6.026,49.4522],[6.0259,49.4507],[6.0273,49.4483],[6.0293,49.4493],[6.0326,49.4495],[6.0325,49.4508],[6.03,49.4517],[6.031,49.4529],[6.0368,49.4526],[6.0387,49.4527],[6.0399,49.4538],[6.0395,49.4544],[6.0379,49.455],[6.0383,49.4563],[6.042,49.4562],[6.0425,49.457],[6.039,49.4581],[6.0378,49.4588],[6.0391,49.4605],[6.0403,49.4612],[6.0386,49.463],[6.0367,49.4637],[6.0372,49.4663],[6.0352,49.4667],[6.035,49.4671],[6.0323,49.4673],[6.0301,49.467],[6.0285,49.4673],[6.0273,49.4678],[6.0259,49.4672],[6.0243,49.4686],[6.0227,49.4691],[6.02,49.4694],[6.0175,49.4693],[6.0151,49.4703],[6.0135,49.4704],[6.0119,49.4721],[6.0105,49.4728],[6.0105,49.4741],[6.0086,49.4743],[6.0066,49.4751],[6.0055,49.4763],[6.0023,49.475],[6.0006,49.4734],[6.0028,49.4726],[6.0034,49.472],[5.9995,49.4698],[5.999,49.469],[5.9968,49.4672],[5.9931,49.4689],[5.9911,49.4675],[5.9898,49.467],[5.9896,49.4643],[5.9873,49.4626]]]},"properties":{"name":"Rumelange","slug":"rumelange"}}]}